Date,Product,Category,Location,Customer_Age,Weight (g),Price,Quantity,Total_Sale
2024-10-23 16:52:27.335453,Diamond Pendant,Earrings,Delhi,56,10.82,21245.45,3,63736.350000000006
2024-10-29 16:52:27.335488,Anklets,Bracelets,Kolkata,46,15.42,34115.32,2,68230.64
2024-07-14 16:52:27.335495,Anklets,Rings,Kolkata,32,6.37,33249.83,3,99749.49
2025-01-28 16:52:27.335500,Diamond Pendant,Anklets,Mumbai,25,7.71,4435.3,2,8870.6
2024-11-05 16:52:27.335505,Gold Ring,Nose Jewelry,Kolkata,38,17.99,20367.71,2,40735.42
2024-10-31 16:52:27.335510,Silver Bracelet,Anklets,Pune,56,18.98,9907.16,2,19814.32
2024-12-09 16:52:27.335515,Silver Bracelet,Nose Jewelry,Pune,36,17.96,8683.82,4,34735.28
2025-04-18 16:52:27.335522,Silver Bracelet,Pendants,Mumbai,40,8.97,41537.81,1,41537.81
2024-11-26 16:52:27.335536,Anklets,Anklets,Delhi,28,15.83,3053.85,2,6107.7
2024-07-03 16:52:27.335541,Anklets,Rings,Delhi,28,10.05,21539.96,4,86159.84
2024-08-24 16:52:27.335546,Gold Ring,Rings,Kolkata,41,10.45,9241.98,1,9241.98
2024-10-18 16:52:27.335550,Silver Bracelet,Anklets,Kolkata,53,4.89,44087.18,1,44087.18
2024-05-16 16:52:27.335554,Silver Bracelet,Rings,Kolkata,57,12.23,28294.99,2,56589.98
2024-07-12 16:52:27.335558,Diamond Pendant,Pendants,Delhi,41,4.54,12337.65,3,37012.95
2025-04-16 16:52:27.335563,Anklets,Earrings,Bangalore,20,7.3,25618.94,3,76856.81999999999
2025-02-12 16:52:27.335567,Silver Bracelet,Pendants,Pune,39,17.25,36842.83,3,110528.49
2025-01-09 16:52:27.335571,Nose Pin,Nose Jewelry,Bangalore,19,4.93,47947.78,2,95895.56
2024-12-11 16:52:27.335575,Gold Ring,Pendants,Bangalore,41,2.35,11801.85,3,35405.55
2025-02-25 16:52:27.335579,Nose Pin,Nose Jewelry,Delhi,47,2.31,44422.91,4,177691.64
2024-12-03 16:52:27.335583,Nose Pin,Rings,Bangalore,55,18.87,46780.9,4,187123.6
2025-01-17 16:52:27.335587,Gold Ring,Earrings,Mumbai,19,10.63,45904.61,4,183618.44
2024-05-05 16:52:27.335591,Nose Pin,Rings,Kolkata,38,8.78,32135.3,4,128541.2
2024-11-18 16:52:27.335596,Silver Bracelet,Bracelets,Mumbai,50,16.41,31861.21,1,31861.21
2025-04-17 16:52:27.335600,Anklets,Rings,Pune,29,16.88,20757.32,4,83029.28
2025-03-06 16:52:27.335604,Gold Ring,Nose Jewelry,Kolkata,39,7.31,37867.5,3,113602.5
2024-09-28 16:52:27.335608,Diamond Pendant,Rings,Bangalore,42,14.18,27033.41,2,54066.82
2025-01-27 16:52:27.335612,Nose Pin,Rings,Pune,44,15.65,34194.47,3,102583.41
2024-11-20 16:52:27.335617,Gold Ring,Earrings,Kolkata,59,13.44,21994.44,4,87977.76
2025-03-26 16:52:27.335620,Book Earrings,Rings,Bangalore,45,3.88,36843.33,1,36843.33
2024-05-26 16:52:27.335631,Book Earrings,Earrings,Mumbai,33,17.64,41399.1,4,165596.4
2024-07-26 16:52:27.335635,Anklets,Anklets,Kolkata,32,11.24,8175.38,2,16350.76
2024-11-18 16:52:27.335640,Silver Bracelet,Bracelets,Bangalore,20,6.37,41813.56,3,125440.68
2024-09-01 16:52:27.335644,Anklets,Earrings,Mumbai,54,9.08,27474.53,2,54949.06
2024-09-24 16:52:27.335648,Anklets,Nose Jewelry,Pune,24,1.71,42388.63,2,84777.26
2024-09-15 16:52:27.335653,Anklets,Anklets,Pune,38,3.43,22133.78,2,44267.56
2024-09-11 16:52:27.335657,Anklets,Earrings,Pune,26,15.55,19572.98,3,58718.94
2024-11-13 16:52:27.335661,Diamond Pendant,Earrings,Pune,56,1.0,45837.98,4,183351.92
2025-03-29 16:52:27.335665,Diamond Pendant,Bracelets,Delhi,35,8.91,13307.29,2,26614.58
2024-09-09 16:52:27.335670,Gold Ring,Nose Jewelry,Kolkata,21,10.93,42366.4,3,127099.20000000001
2025-02-17 16:52:27.335673,Book Earrings,Pendants,Kolkata,42,2.04,24717.01,1,24717.01
2024-10-20 16:52:27.335677,Anklets,Pendants,Delhi,31,19.49,26190.68,3,78572.04000000001
2024-12-27 16:52:27.335681,Gold Ring,Earrings,Bangalore,26,5.3,16114.95,1,16114.95
2024-06-30 16:52:27.335685,Book Earrings,Rings,Bangalore,43,6.78,29079.07,3,87237.20999999999
2024-11-08 16:52:27.335690,Nose Pin,Nose Jewelry,Pune,19,6.77,16935.35,4,67741.4
2025-01-07 16:52:27.335694,Silver Bracelet,Anklets,Mumbai,37,5.38,2924.2,2,5848.4
2024-11-03 16:52:27.335698,Diamond Pendant,Rings,Bangalore,45,1.03,14327.93,4,57311.72
2024-04-21 16:52:27.335701,Nose Pin,Rings,Mumbai,24,14.86,1312.57,3,3937.71
2025-02-26 16:52:27.335705,Book Earrings,Nose Jewelry,Kolkata,25,19.37,48939.38,2,97878.76
2025-04-05 16:52:27.335710,Nose Pin,Earrings,Mumbai,52,5.26,48321.61,1,48321.61
2024-12-25 16:52:27.335714,Silver Bracelet,Earrings,Kolkata,31,13.6,20362.61,3,61087.83
2025-01-26 16:52:27.335717,Book Earrings,Earrings,Delhi,34,15.1,36690.17,2,73380.34
2024-11-07 16:52:27.335722,Nose Pin,Earrings,Delhi,53,17.12,17944.5,1,17944.5
2024-07-18 16:52:27.335726,Diamond Pendant,Pendants,Pune,57,9.03,33883.56,1,33883.56
2024-09-27 16:52:27.335730,Diamond Pendant,Earrings,Bangalore,21,6.76,40466.07,4,161864.28
2025-01-10 16:52:27.335734,Gold Ring,Pendants,Pune,19,7.18,47391.06,3,142173.18
2024-08-13 16:52:27.335738,Nose Pin,Pendants,Kolkata,23,14.54,20610.4,1,20610.4
2024-10-17 16:52:27.335742,Anklets,Earrings,Pune,59,16.52,39381.6,2,78763.2
2024-04-27 16:52:27.335746,Nose Pin,Bracelets,Mumbai,21,4.45,14030.49,1,14030.49
2024-06-23 16:52:27.335750,Book Earrings,Anklets,Kolkata,46,8.05,49526.28,1,49526.28
2025-03-04 16:52:27.335754,Book Earrings,Rings,Delhi,35,18.14,2262.71,4,9050.84
2024-08-02 16:52:27.335758,Nose Pin,Pendants,Bangalore,43,16.33,30572.91,4,122291.64
2025-03-01 16:52:27.335762,Silver Bracelet,Nose Jewelry,Kolkata,51,19.71,33315.79,2,66631.58
2024-08-27 16:52:27.335766,Diamond Pendant,Nose Jewelry,Kolkata,27,15.33,34714.23,4,138856.92
2025-02-23 16:52:27.335770,Book Earrings,Anklets,Mumbai,53,8.47,6898.99,1,6898.99
2024-08-30 16:52:27.335774,Diamond Pendant,Nose Jewelry,Bangalore,31,12.22,46987.96,1,46987.96
2024-12-19 16:52:27.335778,Book Earrings,Bracelets,Delhi,48,13.56,9877.98,4,39511.92
2024-12-16 16:52:27.335782,Gold Ring,Nose Jewelry,Kolkata,32,2.49,31514.92,1,31514.92
2025-02-12 16:52:27.335786,Anklets,Rings,Kolkata,25,11.35,11911.13,1,11911.13
2024-10-24 16:52:27.335790,Book Earrings,Rings,Mumbai,31,14.48,16053.6,2,32107.2
2024-08-22 16:52:27.335794,Diamond Pendant,Pendants,Pune,40,4.18,27776.47,4,111105.88
2024-05-10 16:52:27.335798,Gold Ring,Earrings,Delhi,57,15.83,21442.48,1,21442.48
2024-08-25 16:52:27.335802,Book Earrings,Bracelets,Bangalore,38,12.09,8851.05,4,35404.2
2024-06-04 16:52:27.335806,Silver Bracelet,Pendants,Kolkata,33,19.09,9375.88,2,18751.76
2024-05-04 16:52:27.335810,Anklets,Bracelets,Kolkata,35,1.81,21489.09,4,85956.36
2024-07-06 16:52:27.335815,Book Earrings,Earrings,Delhi,41,6.04,38106.87,1,38106.87
2024-05-08 16:52:27.335819,Gold Ring,Nose Jewelry,Pune,43,12.43,45000.27,4,180001.08
2024-10-15 16:52:27.335823,Silver Bracelet,Nose Jewelry,Kolkata,42,6.63,5122.26,1,5122.26
2025-02-17 16:52:27.335827,Nose Pin,Earrings,Delhi,58,14.57,20262.09,1,20262.09
2025-04-18 16:52:27.335832,Gold Ring,Pendants,Mumbai,46,15.42,5912.03,1,5912.03
2025-02-03 16:52:27.335835,Gold Ring,Earrings,Pune,32,2.95,1813.03,2,3626.06
2025-04-02 16:52:27.335840,Silver Bracelet,Anklets,Bangalore,18,10.76,33424.22,4,133696.88
2024-05-05 16:52:27.335843,Gold Ring,Rings,Kolkata,42,10.67,30520.02,2,61040.04
2025-01-10 16:52:27.335847,Silver Bracelet,Pendants,Delhi,24,8.02,8987.94,4,35951.76
2024-09-02 16:52:27.335851,Book Earrings,Bracelets,Mumbai,26,18.73,12456.83,2,24913.66
2025-01-01 16:52:27.335855,Silver Bracelet,Anklets,Bangalore,41,16.72,2161.68,3,6485.039999999999
2024-08-01 16:52:27.335859,Silver Bracelet,Pendants,Delhi,18,14.25,41912.41,1,41912.41
2025-04-01 16:52:27.335863,Anklets,Earrings,Delhi,25,14.57,48759.84,1,48759.84
2024-10-27 16:52:27.335867,Silver Bracelet,Earrings,Bangalore,41,9.77,7637.52,2,15275.04
2024-06-20 16:52:27.335871,Silver Bracelet,Earrings,Mumbai,28,18.5,12342.29,3,37026.87
2024-07-14 16:52:27.335875,Nose Pin,Earrings,Mumbai,34,14.2,43552.07,1,43552.07
2024-08-28 16:52:27.335879,Book Earrings,Bracelets,Pune,25,14.85,46396.73,4,185586.92
2024-09-05 16:52:27.335884,Anklets,Anklets,Kolkata,52,17.37,21561.74,2,43123.48
2025-02-03 16:52:27.335887,Nose Pin,Nose Jewelry,Bangalore,52,6.21,3480.5,1,3480.5
2024-12-01 16:52:27.335892,Diamond Pendant,Rings,Bangalore,50,16.33,2930.2,1,2930.2
2024-11-10 16:52:27.335896,Book Earrings,Bracelets,Bangalore,22,4.71,29123.54,2,58247.08
2024-11-11 16:52:27.335900,Book Earrings,Bracelets,Mumbai,59,7.56,20251.86,2,40503.72
2024-11-10 16:52:27.335903,Diamond Pendant,Nose Jewelry,Kolkata,56,7.38,2403.97,4,9615.88
2024-10-13 16:52:27.335907,Silver Bracelet,Nose Jewelry,Pune,58,19.59,29579.37,4,118317.48
2025-01-05 16:52:27.335912,Nose Pin,Rings,Delhi,45,17.27,1553.82,1,1553.82
2024-09-15 16:52:27.335915,Gold Ring,Rings,Delhi,24,14.32,39581.23,1,39581.23
2024-07-27 16:52:27.335919,Anklets,Nose Jewelry,Bangalore,26,14.81,16015.21,2,32030.42
2024-05-25 16:52:27.335923,Gold Ring,Earrings,Kolkata,25,11.68,2972.64,1,2972.64
2025-04-04 16:52:27.335927,Diamond Pendant,Bracelets,Mumbai,29,18.99,29829.26,1,29829.26
2024-10-04 16:52:27.335932,Book Earrings,Pendants,Kolkata,51,10.43,20486.54,2,40973.08
2025-01-31 16:52:27.335936,Book Earrings,Rings,Kolkata,50,8.23,48716.22,1,48716.22
2025-02-13 16:52:27.335940,Anklets,Rings,Mumbai,40,4.1,27665.73,1,27665.73
2024-11-26 16:52:27.335943,Book Earrings,Nose Jewelry,Bangalore,41,15.94,14486.72,3,43460.159999999996
2024-06-25 16:52:27.335948,Book Earrings,Anklets,Kolkata,54,14.95,35762.5,4,143050.0
2025-02-26 16:52:27.335952,Anklets,Pendants,Delhi,52,8.3,14303.11,2,28606.22
2025-03-14 16:52:27.335956,Nose Pin,Pendants,Mumbai,57,1.48,45307.92,3,135923.76
2025-04-12 16:52:27.335960,Nose Pin,Rings,Pune,39,16.94,19361.38,4,77445.52
2024-09-09 16:52:27.335964,Anklets,Earrings,Bangalore,44,1.22,27943.56,4,111774.24
2024-05-18 16:52:27.335968,Diamond Pendant,Anklets,Mumbai,52,14.37,3478.08,4,13912.32
2025-04-20 16:52:27.335972,Book Earrings,Pendants,Pune,18,19.43,21879.94,3,65639.81999999999
2024-09-29 16:52:27.335976,Book Earrings,Rings,Pune,52,9.32,41785.81,3,125357.43
2024-08-26 16:52:27.335979,Diamond Pendant,Pendants,Kolkata,54,5.46,40476.79,4,161907.16
2025-01-28 16:52:27.335983,Nose Pin,Anklets,Kolkata,31,14.39,11991.61,1,11991.61
2025-03-13 16:52:27.335987,Silver Bracelet,Anklets,Kolkata,20,16.53,12077.87,1,12077.87
2025-02-16 16:52:27.335991,Silver Bracelet,Bracelets,Mumbai,18,11.38,41047.96,3,123143.88
2024-06-17 16:52:27.335995,Silver Bracelet,Nose Jewelry,Mumbai,22,19.37,46589.52,3,139768.56
2024-07-12 16:52:27.335999,Nose Pin,Nose Jewelry,Bangalore,43,1.98,5672.69,3,17018.07
2024-10-02 16:52:27.336003,Nose Pin,Rings,Kolkata,31,10.59,23052.87,4,92211.48
2024-10-29 16:52:27.336007,Diamond Pendant,Anklets,Pune,56,14.65,17535.26,1,17535.26
2024-07-22 16:52:27.336011,Book Earrings,Bracelets,Delhi,44,17.39,43663.73,3,130991.19
2024-08-11 16:52:27.336015,Diamond Pendant,Bracelets,Bangalore,26,4.41,5092.72,3,15278.16
2024-10-13 16:52:27.336019,Diamond Pendant,Pendants,Mumbai,32,16.2,11345.17,2,22690.34
2025-03-25 16:52:27.336023,Nose Pin,Pendants,Bangalore,32,11.5,37870.95,4,151483.8
2024-08-04 16:52:27.336027,Silver Bracelet,Bracelets,Bangalore,43,8.53,3513.4,2,7026.8
2025-03-16 16:52:27.336031,Gold Ring,Pendants,Bangalore,59,3.5,25134.23,1,25134.23
2025-04-17 16:52:27.336035,Book Earrings,Anklets,Bangalore,30,17.44,22663.24,2,45326.48
2024-11-11 16:52:27.336039,Nose Pin,Earrings,Delhi,49,3.99,17385.66,2,34771.32
2024-11-17 16:52:27.336043,Silver Bracelet,Anklets,Kolkata,56,6.89,20334.04,2,40668.08
2024-05-09 16:52:27.336047,Gold Ring,Bracelets,Pune,49,6.51,26967.09,4,107868.36
2024-12-05 16:52:27.336051,Gold Ring,Bracelets,Bangalore,21,17.56,8907.0,1,8907.0
2024-11-06 16:52:27.336055,Nose Pin,Anklets,Bangalore,47,13.78,29027.8,2,58055.6
2025-01-15 16:52:27.336059,Anklets,Pendants,Bangalore,54,16.14,40466.18,4,161864.72
2024-10-25 16:52:27.336062,Book Earrings,Pendants,Kolkata,40,5.76,38247.89,1,38247.89
2025-02-13 16:52:27.336066,Gold Ring,Nose Jewelry,Mumbai,56,12.87,8541.1,3,25623.300000000003
2024-11-25 16:52:27.336071,Nose Pin,Bracelets,Mumbai,32,11.86,8313.22,2,16626.44
2024-12-31 16:52:27.336075,Nose Pin,Rings,Delhi,46,16.82,14140.54,1,14140.54
2024-11-19 16:52:27.336079,Silver Bracelet,Nose Jewelry,Mumbai,53,18.22,18692.66,2,37385.32
2024-07-15 16:52:27.336083,Anklets,Pendants,Bangalore,30,1.23,21014.32,3,63042.96
2025-02-14 16:52:27.336087,Book Earrings,Anklets,Bangalore,49,13.81,34305.16,1,34305.16
2024-11-10 16:52:27.336091,Diamond Pendant,Pendants,Bangalore,24,1.98,3777.34,4,15109.36
2024-09-10 16:52:27.336095,Silver Bracelet,Anklets,Delhi,39,11.43,2698.96,1,2698.96
2024-11-07 16:52:27.336099,Gold Ring,Nose Jewelry,Bangalore,45,6.47,20203.62,4,80814.48
2025-03-18 16:52:27.336102,Gold Ring,Bracelets,Mumbai,19,6.83,35161.02,1,35161.02
2024-07-13 16:52:27.336107,Silver Bracelet,Pendants,Kolkata,59,7.71,10478.33,4,41913.32
2025-03-26 16:52:27.336111,Nose Pin,Anklets,Kolkata,23,12.8,32433.72,3,97301.16
2025-01-28 16:52:27.336115,Gold Ring,Bracelets,Pune,45,7.35,13731.58,3,41194.74
2024-05-31 16:52:27.336119,Anklets,Rings,Mumbai,45,14.92,44418.22,3,133254.66
2024-05-01 16:52:27.336123,Book Earrings,Anklets,Bangalore,37,8.69,44888.81,1,44888.81
2024-06-05 16:52:27.336127,Anklets,Nose Jewelry,Kolkata,47,2.3,15567.07,3,46701.21
2025-04-21 16:52:27.336131,Gold Ring,Rings,Mumbai,28,15.89,12269.69,2,24539.38
2024-12-12 16:52:27.336135,Diamond Pendant,Rings,Kolkata,45,6.43,21153.89,3,63461.67
2024-09-03 16:52:27.336139,Book Earrings,Earrings,Bangalore,42,9.22,12786.05,4,51144.2
2024-07-21 16:52:27.336143,Book Earrings,Pendants,Kolkata,56,14.02,33946.81,4,135787.24
2025-03-12 16:52:27.336147,Silver Bracelet,Anklets,Pune,50,7.32,41477.17,4,165908.68
2024-11-07 16:52:27.336151,Silver Bracelet,Rings,Pune,18,2.08,33981.51,1,33981.51
2025-02-02 16:52:27.336155,Diamond Pendant,Earrings,Kolkata,44,8.1,41393.17,2,82786.34
2024-08-06 16:52:27.336159,Nose Pin,Nose Jewelry,Mumbai,30,18.94,20452.62,3,61357.86
2024-12-05 16:52:27.336163,Book Earrings,Bracelets,Mumbai,58,13.19,8659.53,2,17319.06
2024-09-18 16:52:27.336167,Diamond Pendant,Anklets,Mumbai,20,13.76,37159.6,2,74319.2
2024-11-06 16:52:27.336171,Silver Bracelet,Rings,Kolkata,56,13.01,18663.25,4,74653.0
2024-11-23 16:52:27.336174,Silver Bracelet,Pendants,Mumbai,23,4.78,33892.27,4,135569.08
2024-06-21 16:52:27.336179,Book Earrings,Earrings,Bangalore,25,8.95,14261.55,4,57046.2
2024-09-28 16:52:27.336183,Anklets,Rings,Pune,44,15.27,4980.25,1,4980.25
2024-11-25 16:52:27.336186,Gold Ring,Pendants,Bangalore,26,2.93,49636.51,2,99273.02
2024-11-06 16:52:27.336190,Silver Bracelet,Rings,Mumbai,54,6.28,8653.87,2,17307.74
2025-02-19 16:52:27.336194,Nose Pin,Anklets,Bangalore,50,6.25,49432.63,1,49432.63
2024-04-24 16:52:27.336198,Nose Pin,Anklets,Mumbai,59,9.21,48886.72,1,48886.72
2025-03-13 16:52:27.336202,Silver Bracelet,Anklets,Kolkata,41,19.63,39897.09,1,39897.09
2024-08-23 16:52:27.336206,Anklets,Nose Jewelry,Bangalore,32,2.28,33311.73,2,66623.46
2024-06-03 16:52:27.336211,Anklets,Nose Jewelry,Kolkata,49,10.86,29312.55,2,58625.1
2025-01-25 16:52:27.336215,Diamond Pendant,Earrings,Kolkata,49,4.41,43438.98,4,173755.92
2024-12-24 16:52:27.336219,Nose Pin,Anklets,Delhi,41,19.44,15182.54,4,60730.16
2024-11-06 16:52:27.336222,Diamond Pendant,Pendants,Mumbai,58,3.15,23916.38,2,47832.76
2024-06-19 16:52:27.336227,Nose Pin,Rings,Pune,29,8.67,31350.11,4,125400.44
2025-02-19 16:52:27.336231,Gold Ring,Bracelets,Mumbai,56,15.02,21148.33,1,21148.33
2024-07-09 16:52:27.336235,Gold Ring,Pendants,Pune,19,14.39,21946.84,3,65840.52
2024-10-31 16:52:27.336240,Book Earrings,Nose Jewelry,Mumbai,20,9.03,17183.95,4,68735.8
2024-05-09 16:52:27.336243,Diamond Pendant,Nose Jewelry,Kolkata,54,7.58,28647.36,2,57294.72
2025-03-07 16:52:27.336247,Silver Bracelet,Pendants,Bangalore,34,8.55,42678.15,4,170712.6
2024-12-24 16:52:27.336252,Diamond Pendant,Nose Jewelry,Bangalore,19,6.02,10874.89,4,43499.56
2024-11-10 16:52:27.336256,Silver Bracelet,Anklets,Delhi,19,4.9,46787.22,4,187148.88
2025-03-21 16:52:27.336259,Anklets,Earrings,Pune,45,10.18,34765.3,3,104295.90000000001
2024-07-17 16:52:27.336264,Diamond Pendant,Rings,Pune,40,6.1,41340.39,1,41340.39
2025-01-19 16:52:27.336268,Anklets,Earrings,Pune,54,6.46,28253.34,2,56506.68
2025-03-11 16:52:27.336272,Gold Ring,Rings,Kolkata,49,13.48,39196.32,3,117588.95999999999
2025-01-12 16:52:27.336276,Gold Ring,Rings,Pune,50,19.4,1793.82,2,3587.64
2024-06-24 16:52:27.336280,Book Earrings,Earrings,Bangalore,18,12.47,41100.64,2,82201.28
2024-09-12 16:52:27.336284,Diamond Pendant,Pendants,Kolkata,36,2.46,2966.8,2,5933.6
2024-06-11 16:52:27.336288,Anklets,Rings,Mumbai,19,2.44,44605.76,3,133817.28
2024-07-06 16:52:27.336292,Silver Bracelet,Earrings,Pune,43,19.08,49606.17,1,49606.17
2024-07-22 16:52:27.336296,Gold Ring,Rings,Pune,49,6.65,15409.31,2,30818.62
2024-10-15 16:52:27.336300,Gold Ring,Bracelets,Mumbai,23,2.75,11305.61,1,11305.61
2024-10-05 16:52:27.336304,Silver Bracelet,Pendants,Pune,49,12.38,38502.8,1,38502.8
2024-12-31 16:52:27.336308,Anklets,Anklets,Mumbai,21,12.85,13398.29,4,53593.16
2025-04-15 16:52:27.336312,Anklets,Rings,Kolkata,28,13.32,43412.56,3,130237.68
2025-03-21 16:52:27.336316,Diamond Pendant,Bracelets,Bangalore,34,6.08,6039.29,3,18117.87
2024-11-02 16:52:27.336320,Diamond Pendant,Anklets,Mumbai,55,1.29,7171.8,4,28687.2
2024-07-18 16:52:27.336324,Nose Pin,Anklets,Delhi,41,19.34,48978.43,4,195913.72
2024-08-07 16:52:27.336329,Nose Pin,Rings,Mumbai,22,5.77,34018.11,1,34018.11
2024-05-21 16:52:27.336333,Book Earrings,Earrings,Pune,51,13.84,42497.47,2,84994.94
2024-12-05 16:52:27.336337,Gold Ring,Rings,Kolkata,23,14.43,16892.14,3,50676.42
2024-12-01 16:52:27.336341,Diamond Pendant,Bracelets,Kolkata,39,12.59,34147.7,2,68295.4
2025-04-14 16:52:27.336345,Anklets,Anklets,Mumbai,28,6.95,30117.85,2,60235.7
2024-05-04 16:52:27.336349,Silver Bracelet,Rings,Bangalore,33,6.15,30554.36,4,122217.44
2024-06-03 16:52:27.336354,Anklets,Earrings,Delhi,50,12.36,34444.09,2,68888.18
2025-04-18 16:52:27.336358,Gold Ring,Rings,Kolkata,26,17.46,29192.6,1,29192.6
2025-02-15 16:52:27.336361,Nose Pin,Pendants,Pune,23,18.99,22024.06,4,88096.24
2024-09-22 16:52:27.336365,Anklets,Earrings,Pune,33,3.01,14520.21,2,29040.42
2024-11-01 16:52:27.336370,Book Earrings,Bracelets,Bangalore,46,3.94,38660.49,4,154641.96
2025-01-17 16:52:27.336373,Gold Ring,Anklets,Kolkata,20,18.95,12087.35,1,12087.35
2024-08-05 16:52:27.336377,Nose Pin,Rings,Mumbai,37,14.99,34925.36,1,34925.36
2024-11-05 16:52:27.336381,Silver Bracelet,Earrings,Pune,53,17.78,12433.31,2,24866.62
2024-05-03 16:52:27.336385,Nose Pin,Pendants,Bangalore,36,4.85,31641.18,4,126564.72
2024-06-30 16:52:27.336406,Book Earrings,Earrings,Kolkata,43,12.16,37606.84,2,75213.68
2024-09-20 16:52:27.336411,Gold Ring,Nose Jewelry,Kolkata,20,14.32,11716.98,2,23433.96
2024-10-20 16:52:27.336415,Silver Bracelet,Pendants,Kolkata,36,13.92,3937.22,4,15748.88
2024-12-15 16:52:27.336419,Book Earrings,Bracelets,Kolkata,37,8.75,7417.71,2,14835.42
2024-08-05 16:52:27.336422,Nose Pin,Anklets,Kolkata,49,1.29,30693.85,1,30693.85
2025-04-12 16:52:27.336426,Book Earrings,Bracelets,Pune,24,12.08,42622.87,4,170491.48
2024-04-23 16:52:27.336430,Gold Ring,Rings,Bangalore,58,5.81,3204.84,4,12819.36
2025-03-10 16:52:27.336434,Diamond Pendant,Earrings,Kolkata,50,9.55,36973.41,4,147893.64
2024-08-22 16:52:27.336438,Book Earrings,Nose Jewelry,Delhi,57,19.19,17724.61,4,70898.44
2024-11-14 16:52:27.336442,Book Earrings,Pendants,Delhi,56,8.58,24447.89,2,48895.78
2024-06-13 16:52:27.336446,Nose Pin,Pendants,Bangalore,35,16.96,46514.12,2,93028.24
2024-08-30 16:52:27.336450,Nose Pin,Earrings,Mumbai,57,4.58,17266.6,1,17266.6
2025-01-23 16:52:27.336454,Silver Bracelet,Nose Jewelry,Mumbai,18,13.78,23801.51,3,71404.53
2024-07-08 16:52:27.336458,Nose Pin,Earrings,Mumbai,28,19.56,1670.44,3,5011.32
2024-11-02 16:52:27.336462,Anklets,Rings,Delhi,45,2.94,4998.34,1,4998.34
2025-04-19 16:52:27.336466,Gold Ring,Bracelets,Mumbai,42,1.16,13670.99,3,41012.97
2024-06-09 16:52:27.336470,Gold Ring,Pendants,Pune,40,9.24,2364.76,1,2364.76
2025-04-13 16:52:27.336474,Diamond Pendant,Rings,Kolkata,48,2.76,31937.39,2,63874.78
2024-07-25 16:52:27.336478,Diamond Pendant,Bracelets,Delhi,47,15.22,21893.52,4,87574.08
2024-06-18 16:52:27.336483,Gold Ring,Rings,Bangalore,59,18.38,27859.11,4,111436.44
2024-07-01 16:52:27.336487,Diamond Pendant,Nose Jewelry,Bangalore,52,9.25,9557.71,2,19115.42
2024-07-18 16:52:27.336491,Silver Bracelet,Pendants,Kolkata,24,5.92,15500.67,4,62002.68
2024-11-14 16:52:27.336495,Nose Pin,Earrings,Delhi,33,9.25,33527.4,4,134109.6
2024-06-29 16:52:27.336499,Gold Ring,Earrings,Mumbai,43,14.75,48299.83,3,144899.49
2024-09-25 16:52:27.336503,Diamond Pendant,Bracelets,Mumbai,19,1.17,3470.42,2,6940.84
2024-12-01 16:52:27.336507,Gold Ring,Anklets,Pune,18,12.2,44628.83,3,133886.49
2024-10-16 16:52:27.336511,Anklets,Nose Jewelry,Pune,29,12.65,29267.18,3,87801.54000000001
2024-04-22 16:52:27.336514,Book Earrings,Bracelets,Mumbai,22,13.12,28632.06,4,114528.24
2025-03-01 16:52:27.336519,Nose Pin,Anklets,Bangalore,54,5.6,25513.65,4,102054.6
2024-10-12 16:52:27.336522,Gold Ring,Rings,Bangalore,49,14.57,4400.31,2,8800.62
2024-11-04 16:52:27.336526,Book Earrings,Nose Jewelry,Pune,26,2.74,5403.97,4,21615.88
2024-05-15 16:52:27.336530,Diamond Pendant,Rings,Kolkata,58,4.79,30444.69,4,121778.76
2024-11-17 16:52:27.336534,Book Earrings,Pendants,Mumbai,52,17.67,17706.97,2,35413.94
2025-03-23 16:52:27.336538,Nose Pin,Nose Jewelry,Pune,36,15.04,45946.14,4,183784.56
2025-01-22 16:52:27.336542,Gold Ring,Anklets,Pune,33,1.26,20922.94,3,62768.81999999999
2024-11-27 16:52:27.336545,Anklets,Pendants,Mumbai,20,5.72,8020.79,2,16041.58
2025-01-20 16:52:27.336549,Diamond Pendant,Earrings,Mumbai,37,5.07,36021.22,4,144084.88
2025-04-14 16:52:27.336554,Gold Ring,Anklets,Bangalore,41,6.15,15374.32,1,15374.32
2024-12-19 16:52:27.336558,Nose Pin,Bracelets,Kolkata,50,5.7,26748.05,2,53496.1
2024-09-14 16:52:27.336561,Diamond Pendant,Earrings,Kolkata,41,2.19,35193.81,2,70387.62
2024-07-11 16:52:27.336565,Silver Bracelet,Earrings,Mumbai,28,9.72,45112.94,1,45112.94
2024-07-06 16:52:27.336570,Book Earrings,Bracelets,Delhi,25,14.92,39817.37,4,159269.48
2024-08-24 16:52:27.336573,Nose Pin,Nose Jewelry,Pune,53,12.53,34141.69,4,136566.76
2024-12-13 16:52:27.336577,Silver Bracelet,Earrings,Pune,55,13.78,34302.03,2,68604.06
2024-12-29 16:52:27.336581,Gold Ring,Anklets,Mumbai,57,2.54,47350.31,2,94700.62
2025-03-18 16:52:27.336585,Anklets,Pendants,Delhi,37,19.08,15495.38,4,61981.52
2025-01-14 16:52:27.336589,Diamond Pendant,Earrings,Bangalore,52,16.93,1054.49,4,4217.96
2024-05-18 16:52:27.336593,Book Earrings,Anklets,Mumbai,42,16.3,14325.77,3,42977.31
2024-07-30 16:52:27.336598,Diamond Pendant,Rings,Mumbai,52,16.64,11676.68,2,23353.36
2024-05-17 16:52:27.336602,Gold Ring,Anklets,Pune,42,18.72,33429.89,2,66859.78
2024-05-26 16:52:27.336606,Diamond Pendant,Pendants,Mumbai,46,11.34,32051.87,1,32051.87
2024-05-17 16:52:27.336610,Book Earrings,Anklets,Mumbai,35,4.81,30079.61,3,90238.83
2025-01-06 16:52:27.336614,Gold Ring,Bracelets,Mumbai,35,12.72,1795.93,4,7183.72
2024-04-21 16:52:27.336618,Diamond Pendant,Pendants,Pune,19,15.11,36710.12,3,110130.36000000002
2025-02-14 16:52:27.336627,Anklets,Nose Jewelry,Bangalore,52,15.02,16852.99,4,67411.96
2025-01-29 16:52:27.336631,Nose Pin,Rings,Bangalore,33,10.91,33587.74,4,134350.96
2024-05-01 16:52:27.336635,Gold Ring,Bracelets,Mumbai,58,2.3,28272.34,3,84817.02
2024-11-04 16:52:27.336639,Nose Pin,Nose Jewelry,Pune,53,8.05,17793.82,2,35587.64
2024-05-25 16:52:27.336643,Gold Ring,Anklets,Bangalore,50,18.49,7594.24,4,30376.96
2024-07-02 16:52:27.336648,Anklets,Pendants,Bangalore,21,12.1,5626.53,3,16879.59
2024-10-07 16:52:27.336652,Nose Pin,Rings,Bangalore,50,11.23,41744.4,1,41744.4
2024-11-17 16:52:27.336655,Silver Bracelet,Bracelets,Pune,31,6.11,46001.48,3,138004.44
2024-07-24 16:52:27.336659,Book Earrings,Nose Jewelry,Pune,38,8.0,32839.61,1,32839.61
2025-02-23 16:52:27.336663,Silver Bracelet,Nose Jewelry,Mumbai,37,18.01,6068.27,4,24273.08
2025-02-26 16:52:27.336668,Diamond Pendant,Rings,Kolkata,25,13.66,20699.33,3,62097.990000000005
2024-12-31 16:52:27.336672,Anklets,Anklets,Bangalore,24,15.96,36718.02,3,110154.06
2024-11-06 16:52:27.336676,Silver Bracelet,Rings,Kolkata,20,9.63,39211.22,1,39211.22
2024-09-07 16:52:27.336680,Gold Ring,Nose Jewelry,Pune,34,12.97,6792.71,3,20378.13
2024-11-11 16:52:27.336684,Diamond Pendant,Earrings,Pune,50,5.72,1001.51,3,3004.5299999999997
2024-12-05 16:52:27.336688,Diamond Pendant,Bracelets,Pune,29,14.4,35894.72,4,143578.88
2024-10-21 16:52:27.336692,Silver Bracelet,Rings,Kolkata,39,9.12,18473.21,3,55419.63
2025-01-13 16:52:27.336696,Silver Bracelet,Nose Jewelry,Pune,39,9.41,13469.59,2,26939.18
2024-08-16 16:52:27.336700,Anklets,Anklets,Mumbai,47,13.34,1631.98,1,1631.98
2025-04-04 16:52:27.336704,Book Earrings,Nose Jewelry,Pune,55,18.79,27474.67,3,82424.01
2025-01-19 16:52:27.336708,Silver Bracelet,Anklets,Delhi,55,2.22,42706.39,1,42706.39
2024-12-28 16:52:27.336712,Silver Bracelet,Rings,Kolkata,25,16.67,47923.95,1,47923.95
2024-07-07 16:52:27.336715,Nose Pin,Anklets,Delhi,44,6.56,28721.5,1,28721.5
2024-10-21 16:52:27.336720,Gold Ring,Pendants,Pune,44,9.43,26208.61,3,78625.83
2025-02-26 16:52:27.336724,Nose Pin,Pendants,Mumbai,51,1.42,5167.76,3,15503.28
2025-03-05 16:52:27.336728,Nose Pin,Pendants,Bangalore,38,6.72,27894.77,1,27894.77
2024-12-06 16:52:27.336732,Diamond Pendant,Earrings,Pune,47,10.55,19618.97,2,39237.94
2025-01-09 16:52:27.336736,Book Earrings,Rings,Mumbai,50,2.07,30749.63,1,30749.63
2024-06-12 16:52:27.336740,Gold Ring,Nose Jewelry,Kolkata,45,10.33,20047.59,2,40095.18
2024-05-06 16:52:27.336745,Anklets,Nose Jewelry,Delhi,50,18.62,12774.66,1,12774.66
2025-02-10 16:52:27.336749,Anklets,Earrings,Delhi,22,3.0,5653.3,4,22613.2
2024-07-15 16:52:27.336752,Silver Bracelet,Anklets,Delhi,36,15.52,16431.0,1,16431.0
2025-01-18 16:52:27.336757,Silver Bracelet,Earrings,Kolkata,21,8.78,5735.6,1,5735.6
2024-10-16 16:52:27.336761,Anklets,Anklets,Mumbai,52,13.45,9667.95,3,29003.850000000002
2025-03-11 16:52:27.336764,Silver Bracelet,Anklets,Kolkata,34,5.94,49379.47,2,98758.94
2024-10-25 16:52:27.336769,Book Earrings,Bracelets,Delhi,45,4.03,22761.07,4,91044.28
2024-06-15 16:52:27.336772,Nose Pin,Nose Jewelry,Pune,47,4.05,27061.72,2,54123.44
2024-09-19 16:52:27.336776,Silver Bracelet,Pendants,Bangalore,46,2.34,43807.31,4,175229.24
2025-01-19 16:52:27.336781,Diamond Pendant,Anklets,Kolkata,23,4.53,49782.88,1,49782.88
2024-10-28 16:52:27.336785,Silver Bracelet,Bracelets,Kolkata,52,13.62,29553.01,3,88659.03
2024-09-14 16:52:27.336789,Gold Ring,Nose Jewelry,Mumbai,58,17.75,40811.22,3,122433.66
2025-02-01 16:52:27.336792,Book Earrings,Pendants,Mumbai,54,16.47,17020.11,2,34040.22
2024-09-28 16:52:27.336797,Gold Ring,Anklets,Kolkata,41,14.02,15981.45,3,47944.350000000006
2024-11-21 16:52:27.336801,Gold Ring,Anklets,Delhi,46,3.1,20732.48,2,41464.96
2025-03-22 16:52:27.336805,Diamond Pendant,Earrings,Bangalore,48,6.49,33952.86,2,67905.72
2024-07-17 16:52:27.336809,Book Earrings,Earrings,Mumbai,52,6.89,34427.39,4,137709.56
2024-09-02 16:52:27.336813,Book Earrings,Nose Jewelry,Delhi,50,5.75,16446.73,2,32893.46
2024-07-02 16:52:27.336817,Book Earrings,Pendants,Pune,38,10.79,7527.29,4,30109.16
2025-02-02 16:52:27.336821,Book Earrings,Anklets,Mumbai,49,11.18,31987.42,3,95962.26
2024-12-27 16:52:27.336825,Book Earrings,Nose Jewelry,Delhi,40,7.78,7287.97,2,14575.94
2024-07-25 16:52:27.336829,Diamond Pendant,Nose Jewelry,Delhi,50,7.72,29346.13,2,58692.26
2024-06-29 16:52:27.336833,Silver Bracelet,Rings,Bangalore,20,16.74,34977.68,1,34977.68
2024-08-18 16:52:27.336838,Gold Ring,Earrings,Bangalore,35,16.0,35329.96,2,70659.92
2024-08-03 16:52:27.336842,Book Earrings,Pendants,Pune,42,6.85,37920.13,2,75840.26
2024-06-21 16:52:27.336846,Silver Bracelet,Anklets,Delhi,59,18.36,43770.11,1,43770.11
2024-09-29 16:52:27.336850,Silver Bracelet,Nose Jewelry,Delhi,48,19.1,25497.99,1,25497.99
2024-04-23 16:52:27.336854,Gold Ring,Anklets,Bangalore,20,7.21,36782.21,3,110346.63
2024-08-19 16:52:27.336858,Diamond Pendant,Rings,Mumbai,57,7.73,31339.46,2,62678.92
2024-08-10 16:52:27.336862,Anklets,Pendants,Mumbai,41,10.61,10145.36,3,30436.08
2024-08-05 16:52:27.336866,Anklets,Nose Jewelry,Kolkata,49,18.88,2258.79,3,6776.37
2024-09-19 16:52:27.336870,Silver Bracelet,Anklets,Bangalore,39,17.65,14942.53,1,14942.53
2025-01-06 16:52:27.336874,Nose Pin,Earrings,Kolkata,40,2.95,22708.65,4,90834.6
2024-10-05 16:52:27.336878,Nose Pin,Rings,Bangalore,19,8.46,31238.19,3,93714.56999999999
2024-07-18 16:52:27.336882,Gold Ring,Pendants,Pune,44,11.51,42648.01,4,170592.04
2024-06-05 16:52:27.336886,Anklets,Rings,Delhi,59,10.56,10616.04,2,21232.08
2024-10-02 16:52:27.336890,Silver Bracelet,Earrings,Pune,19,4.68,7151.94,1,7151.94
2024-11-22 16:52:27.336895,Diamond Pendant,Pendants,Bangalore,43,17.32,48210.52,2,96421.04
2025-04-14 16:52:27.336898,Anklets,Rings,Delhi,34,13.86,6294.18,2,12588.36
2024-08-17 16:52:27.336902,Silver Bracelet,Bracelets,Mumbai,57,16.92,24446.06,1,24446.06
2025-01-14 16:52:27.336906,Silver Bracelet,Earrings,Mumbai,50,17.32,29692.62,2,59385.24
2024-07-31 16:52:27.336910,Book Earrings,Earrings,Kolkata,26,15.22,27527.35,1,27527.35
2024-12-28 16:52:27.336915,Diamond Pendant,Earrings,Bangalore,56,9.35,5215.58,4,20862.32
2025-01-30 16:52:27.336918,Book Earrings,Bracelets,Bangalore,46,12.6,3794.32,2,7588.64
2024-04-21 16:52:27.336922,Gold Ring,Bracelets,Mumbai,59,4.05,6168.69,1,6168.69
2025-04-08 16:52:27.336926,Book Earrings,Anklets,Pune,43,13.8,29693.8,3,89081.4
2024-06-13 16:52:27.336930,Book Earrings,Nose Jewelry,Delhi,52,4.41,27672.9,2,55345.8
2024-07-29 16:52:27.336934,Anklets,Rings,Pune,42,14.19,12453.3,4,49813.2
2024-12-04 16:52:27.336939,Nose Pin,Anklets,Pune,41,5.36,32250.93,1,32250.93
2025-02-01 16:52:27.336943,Silver Bracelet,Rings,Mumbai,30,3.23,41183.31,2,82366.62
2024-07-30 16:52:27.336947,Diamond Pendant,Nose Jewelry,Mumbai,24,4.14,3037.37,2,6074.74
2024-09-10 16:52:27.336951,Book Earrings,Bracelets,Mumbai,53,1.04,25408.37,2,50816.74
2024-05-03 16:52:27.336955,Diamond Pendant,Nose Jewelry,Kolkata,37,14.66,34776.21,4,139104.84
2025-02-16 16:52:27.336960,Nose Pin,Bracelets,Pune,18,14.92,13363.28,1,13363.28
2025-03-15 16:52:27.336964,Nose Pin,Nose Jewelry,Bangalore,25,10.78,16080.77,3,48242.31
2025-03-18 16:52:27.336968,Book Earrings,Anklets,Delhi,33,4.07,31068.26,3,93204.78
2025-01-06 16:52:27.336972,Gold Ring,Pendants,Kolkata,31,2.59,44998.83,3,134996.49
2024-06-04 16:52:27.336976,Book Earrings,Anklets,Bangalore,29,1.36,40686.3,1,40686.3
2024-07-11 16:52:27.336980,Anklets,Rings,Pune,40,4.15,29573.38,3,88720.14
2024-10-25 16:52:27.336984,Silver Bracelet,Anklets,Mumbai,32,17.93,36780.86,4,147123.44
2025-04-12 16:52:27.336988,Gold Ring,Earrings,Pune,45,5.59,18876.3,1,18876.3
2024-05-10 16:52:27.336992,Book Earrings,Rings,Delhi,51,7.73,32407.31,2,64814.62
2024-05-09 16:52:27.336996,Diamond Pendant,Nose Jewelry,Kolkata,19,3.0,23842.9,4,95371.6
2025-02-04 16:52:27.337000,Gold Ring,Rings,Kolkata,49,5.22,10306.87,2,20613.74
2024-08-11 16:52:27.337004,Gold Ring,Pendants,Delhi,40,10.87,35385.18,3,106155.54000000001
2025-01-06 16:52:27.337008,Book Earrings,Bracelets,Bangalore,39,12.55,28266.77,4,113067.08
2024-11-06 16:52:27.337012,Gold Ring,Nose Jewelry,Bangalore,42,5.66,18572.46,1,18572.46
2024-07-22 16:52:27.337016,Diamond Pendant,Rings,Kolkata,39,2.1,45655.62,4,182622.48
2025-03-28 16:52:27.337021,Nose Pin,Nose Jewelry,Kolkata,39,8.43,2025.77,2,4051.54
2024-08-26 16:52:27.337025,Gold Ring,Nose Jewelry,Mumbai,59,5.45,16472.88,1,16472.88
2024-11-30 16:52:27.337029,Nose Pin,Nose Jewelry,Bangalore,23,5.17,3787.19,4,15148.76
2025-01-14 16:52:27.337033,Diamond Pendant,Bracelets,Delhi,32,19.24,38559.84,4,154239.36
2024-07-03 16:52:27.337037,Book Earrings,Anklets,Bangalore,54,12.71,35403.27,4,141613.08
2024-11-05 16:52:27.337041,Silver Bracelet,Nose Jewelry,Mumbai,50,11.58,17236.26,4,68945.04
2025-04-10 16:52:27.337045,Gold Ring,Earrings,Kolkata,25,8.9,34107.48,1,34107.48
2025-02-14 16:52:27.337049,Silver Bracelet,Pendants,Kolkata,22,9.15,20400.92,2,40801.84
2025-03-23 16:52:27.337053,Diamond Pendant,Bracelets,Mumbai,56,11.28,38056.44,4,152225.76
2025-02-21 16:52:27.337057,Gold Ring,Rings,Delhi,21,14.23,23255.0,1,23255.0
2025-04-05 16:52:27.337061,Nose Pin,Bracelets,Kolkata,23,14.34,21201.71,2,42403.42
2025-02-07 16:52:27.337065,Anklets,Rings,Pune,49,4.26,46801.77,4,187207.08
2025-02-12 16:52:27.337068,Silver Bracelet,Bracelets,Kolkata,47,10.5,13293.08,2,26586.16
2024-08-11 16:52:27.337072,Gold Ring,Rings,Pune,52,8.83,6901.92,2,13803.84
2025-03-13 16:52:27.337076,Silver Bracelet,Nose Jewelry,Mumbai,57,17.54,29642.61,1,29642.61
2024-07-11 16:52:27.337080,Gold Ring,Anklets,Mumbai,33,13.0,48496.77,2,96993.54
2024-11-24 16:52:27.337084,Book Earrings,Rings,Kolkata,30,11.12,19514.12,1,19514.12
2025-01-22 16:52:27.337088,Nose Pin,Rings,Bangalore,59,3.19,4039.8,4,16159.2
2025-02-08 16:52:27.337092,Silver Bracelet,Earrings,Pune,47,12.51,17625.96,2,35251.92
2024-11-03 16:52:27.337096,Anklets,Rings,Delhi,36,3.23,25790.65,2,51581.3
2024-11-05 16:52:27.337100,Anklets,Earrings,Kolkata,34,7.41,8934.23,3,26802.69
2024-12-01 16:52:27.337104,Diamond Pendant,Pendants,Delhi,36,3.71,33247.01,4,132988.04
2024-07-16 16:52:27.337108,Gold Ring,Nose Jewelry,Kolkata,45,14.15,49889.72,4,199558.88
2024-09-09 16:52:27.337112,Silver Bracelet,Earrings,Bangalore,43,4.92,23135.23,3,69405.69
2024-08-31 16:52:27.337116,Diamond Pendant,Anklets,Bangalore,54,8.45,18381.7,3,55145.100000000006
2024-08-22 16:52:27.337120,Silver Bracelet,Nose Jewelry,Bangalore,43,18.02,20634.5,1,20634.5
2025-02-19 16:52:27.337124,Gold Ring,Earrings,Bangalore,40,4.88,6642.16,1,6642.16
2024-10-15 16:52:27.337128,Anklets,Nose Jewelry,Mumbai,26,10.65,44280.41,2,88560.82
2025-03-22 16:52:27.337132,Book Earrings,Nose Jewelry,Mumbai,29,8.97,21326.46,2,42652.92
2024-12-24 16:52:27.337136,Anklets,Nose Jewelry,Pune,18,1.34,19976.45,2,39952.9
2025-03-18 16:52:27.337140,Diamond Pendant,Pendants,Delhi,18,16.06,33324.82,2,66649.64
2024-07-07 16:52:27.337144,Nose Pin,Anklets,Kolkata,51,2.31,22659.64,1,22659.64
2025-02-02 16:52:27.337148,Book Earrings,Bracelets,Kolkata,49,10.01,32763.44,4,131053.76
2024-05-28 16:52:27.337152,Diamond Pendant,Bracelets,Mumbai,42,11.65,4010.87,2,8021.74
2024-04-24 16:52:27.337156,Gold Ring,Earrings,Kolkata,57,12.94,40872.44,4,163489.76
2024-09-29 16:52:27.337160,Book Earrings,Nose Jewelry,Mumbai,18,14.08,47084.69,2,94169.38
2024-12-07 16:52:27.337164,Diamond Pendant,Earrings,Pune,33,5.81,32789.5,3,98368.5
2025-03-05 16:52:27.337168,Gold Ring,Pendants,Delhi,56,1.19,47773.73,2,95547.46
2024-05-12 16:52:27.337172,Anklets,Pendants,Pune,22,14.75,8420.18,2,16840.36
2024-07-09 16:52:27.337176,Nose Pin,Rings,Bangalore,39,11.18,24393.39,2,48786.78
2024-05-10 16:52:27.337180,Gold Ring,Pendants,Bangalore,46,16.89,30488.53,1,30488.53
2024-10-14 16:52:27.337184,Silver Bracelet,Rings,Bangalore,20,16.61,29505.1,3,88515.29999999999
2025-03-31 16:52:27.337188,Gold Ring,Anklets,Pune,29,17.02,20671.63,2,41343.26
2024-06-22 16:52:27.337192,Gold Ring,Earrings,Kolkata,43,10.22,17566.14,2,35132.28
2025-01-23 16:52:27.337196,Nose Pin,Anklets,Delhi,33,7.34,7214.38,4,28857.52
2025-03-23 16:52:27.337200,Silver Bracelet,Pendants,Bangalore,54,16.04,20195.38,3,60586.14
2024-11-17 16:52:27.337204,Diamond Pendant,Anklets,Bangalore,39,9.57,8970.38,2,17940.76
2025-03-08 16:52:27.337208,Diamond Pendant,Anklets,Bangalore,46,4.49,36983.92,4,147935.68
2025-04-16 16:52:27.337212,Gold Ring,Anklets,Delhi,31,17.24,11232.72,4,44930.88
2024-08-17 16:52:27.337216,Silver Bracelet,Pendants,Bangalore,45,17.77,3869.7,1,3869.7
2024-11-10 16:52:27.337220,Silver Bracelet,Nose Jewelry,Delhi,22,9.86,28065.94,4,112263.76
2025-01-17 16:52:27.337224,Nose Pin,Anklets,Bangalore,47,2.44,30166.26,2,60332.52
2025-02-28 16:52:27.337229,Anklets,Rings,Pune,22,8.37,43723.74,1,43723.74
2024-10-07 16:52:27.337233,Diamond Pendant,Pendants,Pune,29,16.27,29272.1,1,29272.1
2024-04-30 16:52:27.337236,Nose Pin,Anklets,Delhi,33,18.13,17928.56,2,35857.12
2025-02-10 16:52:27.337240,Book Earrings,Nose Jewelry,Pune,43,4.87,40347.58,3,121042.74
2024-10-01 16:52:27.337245,Diamond Pendant,Pendants,Delhi,43,2.27,27473.67,4,109894.68
2024-05-07 16:52:27.337249,Nose Pin,Bracelets,Pune,38,17.67,4884.73,1,4884.73
2024-08-03 16:52:27.337253,Diamond Pendant,Nose Jewelry,Pune,56,8.4,28726.68,3,86180.04000000001
2024-05-22 16:52:27.337257,Anklets,Rings,Delhi,53,11.29,45492.91,2,90985.82
2024-05-15 16:52:27.337262,Book Earrings,Anklets,Kolkata,50,19.39,20419.32,4,81677.28
2024-05-01 16:52:27.337266,Anklets,Bracelets,Pune,47,2.26,15519.96,4,62079.84
2024-12-08 16:52:27.337270,Book Earrings,Bracelets,Bangalore,54,13.32,8030.0,1,8030.0
2024-11-10 16:52:27.337274,Gold Ring,Pendants,Kolkata,40,2.41,8420.83,4,33683.32
2025-02-21 16:52:27.337278,Nose Pin,Bracelets,Delhi,27,8.13,22205.8,4,88823.2
2024-05-26 16:52:27.337284,Book Earrings,Rings,Kolkata,22,16.27,30188.31,4,120753.24
2024-12-06 16:52:27.337288,Anklets,Rings,Mumbai,53,9.24,4950.15,4,19800.6
2024-04-28 16:52:27.337291,Diamond Pendant,Earrings,Mumbai,51,19.95,47038.86,2,94077.72
2024-06-16 16:52:27.337296,Book Earrings,Rings,Pune,48,11.62,38001.55,3,114004.65000000001
2024-05-13 16:52:27.337300,Nose Pin,Nose Jewelry,Pune,27,7.1,29744.57,2,59489.14
2025-02-25 16:52:27.337304,Book Earrings,Bracelets,Bangalore,36,5.18,41593.49,2,83186.98
2024-12-27 16:52:27.337308,Silver Bracelet,Rings,Kolkata,49,7.66,4929.15,1,4929.15
2024-07-22 16:52:27.337312,Diamond Pendant,Pendants,Mumbai,18,8.08,24365.11,4,97460.44
2024-06-30 16:52:27.337316,Nose Pin,Earrings,Pune,22,2.31,31874.56,2,63749.12
2024-04-24 16:52:27.337320,Nose Pin,Bracelets,Kolkata,21,8.02,41603.99,4,166415.96
2024-10-24 16:52:27.337324,Gold Ring,Earrings,Pune,33,9.82,39390.01,2,78780.02
2025-04-01 16:52:27.337328,Anklets,Bracelets,Pune,41,14.73,14576.39,2,29152.78
2024-11-22 16:52:27.337332,Gold Ring,Pendants,Mumbai,33,13.48,47103.13,1,47103.13
2025-04-01 16:52:27.337336,Nose Pin,Earrings,Mumbai,19,14.47,7092.95,3,21278.85
2024-10-10 16:52:27.337340,Diamond Pendant,Anklets,Pune,45,1.16,43881.55,3,131644.65000000002
2024-05-27 16:52:27.337344,Book Earrings,Nose Jewelry,Delhi,49,5.14,48576.07,2,97152.14
2024-11-21 16:52:27.337348,Book Earrings,Nose Jewelry,Pune,44,13.57,9680.52,1,9680.52
2025-04-20 16:52:27.337353,Diamond Pendant,Bracelets,Pune,37,10.2,36381.24,4,145524.96
2025-03-11 16:52:27.337357,Nose Pin,Anklets,Bangalore,41,1.1,2973.99,4,11895.96
2024-12-30 16:52:27.337360,Book Earrings,Earrings,Bangalore,29,16.29,20865.72,2,41731.44
2025-01-19 16:52:27.337364,Book Earrings,Anklets,Bangalore,52,15.68,26297.88,3,78893.64
2024-10-19 16:52:27.337368,Book Earrings,Anklets,Delhi,50,11.42,29451.62,1,29451.62
2025-03-23 16:52:27.337372,Anklets,Earrings,Delhi,50,2.26,46860.93,3,140582.79
2024-09-18 16:52:27.337376,Anklets,Pendants,Pune,54,15.56,33940.28,4,135761.12
2024-08-14 16:52:27.337380,Silver Bracelet,Anklets,Bangalore,29,12.09,24582.62,3,73747.86
2024-06-22 16:52:27.337384,Gold Ring,Anklets,Delhi,20,15.86,40674.08,4,162696.32
2025-01-23 16:52:27.337412,Diamond Pendant,Pendants,Mumbai,18,15.28,47576.11,1,47576.11
2024-12-06 16:52:27.337417,Diamond Pendant,Anklets,Pune,50,16.26,2081.24,1,2081.24
2024-10-30 16:52:27.337422,Diamond Pendant,Anklets,Kolkata,57,10.84,49143.54,2,98287.08
2024-11-02 16:52:27.337426,Silver Bracelet,Anklets,Pune,27,3.67,5220.47,2,10440.94
2024-08-19 16:52:27.337430,Anklets,Nose Jewelry,Kolkata,46,13.75,40904.95,3,122714.84999999999
2024-05-01 16:52:27.337434,Nose Pin,Rings,Bangalore,30,12.79,14736.4,1,14736.4
2024-04-22 16:52:27.337438,Nose Pin,Pendants,Kolkata,29,15.1,7476.8,1,7476.8
2025-04-18 16:52:27.337443,Silver Bracelet,Anklets,Bangalore,48,4.23,22552.93,2,45105.86
2024-06-24 16:52:27.337446,Nose Pin,Nose Jewelry,Mumbai,19,4.7,32553.87,4,130215.48
2024-07-03 16:52:27.337451,Diamond Pendant,Pendants,Kolkata,52,17.92,19666.64,3,58999.92
2024-12-01 16:52:27.337455,Gold Ring,Bracelets,Pune,40,15.25,3673.71,3,11021.130000000001
2024-04-21 16:52:27.337458,Book Earrings,Bracelets,Bangalore,34,18.26,30373.6,2,60747.2
2024-08-28 16:52:27.337462,Anklets,Anklets,Pune,43,15.42,45217.76,1,45217.76
2024-10-09 16:52:27.337467,Anklets,Nose Jewelry,Delhi,25,12.35,19777.55,2,39555.1
2025-01-20 16:52:27.337471,Silver Bracelet,Nose Jewelry,Bangalore,46,13.43,11600.31,2,23200.62
2024-07-31 16:52:27.337475,Anklets,Pendants,Kolkata,43,17.89,22686.29,2,45372.58
2024-08-30 16:52:27.337479,Diamond Pendant,Pendants,Bangalore,27,12.0,3369.77,2,6739.54
2024-08-26 16:52:27.337483,Nose Pin,Nose Jewelry,Pune,43,13.02,41203.89,4,164815.56
2024-10-31 16:52:27.337487,Diamond Pendant,Pendants,Mumbai,51,3.97,41490.7,4,165962.8
2024-11-21 16:52:27.337491,Silver Bracelet,Nose Jewelry,Bangalore,58,10.0,29812.02,1,29812.02
2024-05-02 16:52:27.337495,Diamond Pendant,Rings,Kolkata,24,14.61,18302.04,2,36604.08
2024-09-02 16:52:27.337499,Nose Pin,Nose Jewelry,Delhi,21,6.15,40189.38,4,160757.52
2024-12-01 16:52:27.337503,Gold Ring,Bracelets,Mumbai,28,4.84,28179.66,1,28179.66
2024-05-05 16:52:27.337507,Silver Bracelet,Pendants,Delhi,46,6.96,41470.68,2,82941.36
2024-08-20 16:52:27.337511,Gold Ring,Nose Jewelry,Bangalore,53,5.59,31941.48,3,95824.44
2024-04-27 16:52:27.337515,Book Earrings,Nose Jewelry,Pune,42,5.08,39435.87,4,157743.48
2024-08-02 16:52:27.337519,Gold Ring,Pendants,Pune,38,9.07,30329.59,1,30329.59
2024-10-30 16:52:27.337523,Book Earrings,Rings,Kolkata,53,18.25,21292.91,3,63878.729999999996
2024-10-20 16:52:27.337527,Book Earrings,Rings,Pune,27,10.63,47939.35,2,95878.7
2025-02-25 16:52:27.337531,Gold Ring,Pendants,Mumbai,54,4.57,27514.58,2,55029.16
2024-12-18 16:52:27.337535,Silver Bracelet,Earrings,Pune,26,2.46,30649.39,2,61298.78
2024-10-11 16:52:27.337539,Nose Pin,Pendants,Kolkata,41,14.23,11803.89,4,47215.56
2024-07-19 16:52:27.337543,Diamond Pendant,Pendants,Bangalore,52,8.27,31656.89,1,31656.89
2025-01-13 16:52:27.337547,Diamond Pendant,Rings,Bangalore,52,16.61,29008.77,3,87026.31
2024-04-24 16:52:27.337551,Nose Pin,Rings,Pune,53,13.53,10057.08,1,10057.08
2024-09-06 16:52:27.337555,Book Earrings,Pendants,Delhi,35,16.13,3919.77,4,15679.08
2024-08-17 16:52:27.337559,Book Earrings,Pendants,Bangalore,56,6.17,30613.61,1,30613.61
2025-04-18 16:52:27.337563,Silver Bracelet,Pendants,Pune,49,14.15,38420.92,4,153683.68
2025-03-29 16:52:27.337568,Anklets,Rings,Kolkata,41,6.02,26646.67,2,53293.34
2025-02-15 16:52:27.337571,Gold Ring,Pendants,Pune,40,18.84,12111.86,3,36335.58
2025-02-09 16:52:27.337575,Book Earrings,Pendants,Bangalore,49,13.09,33659.58,2,67319.16
2024-10-23 16:52:27.337579,Diamond Pendant,Anklets,Kolkata,54,7.17,4925.18,1,4925.18
2024-08-28 16:52:27.337583,Silver Bracelet,Earrings,Pune,29,6.12,22649.85,2,45299.7
2025-03-12 16:52:27.337588,Gold Ring,Bracelets,Mumbai,30,4.63,9004.97,3,27014.909999999996
2024-08-16 16:52:27.337592,Silver Bracelet,Earrings,Kolkata,40,14.2,10038.49,2,20076.98
2024-10-27 16:52:27.337596,Gold Ring,Anklets,Mumbai,42,5.16,10912.4,3,32737.199999999997
2024-09-28 16:52:27.337600,Gold Ring,Bracelets,Delhi,52,12.31,19948.65,3,59845.950000000004
2024-09-26 16:52:27.337604,Nose Pin,Pendants,Kolkata,58,6.03,3506.36,2,7012.72
2024-05-23 16:52:27.337608,Book Earrings,Anklets,Mumbai,47,13.58,20491.88,4,81967.52
2024-07-07 16:52:27.337612,Silver Bracelet,Pendants,Bangalore,34,16.48,26073.66,1,26073.66
2024-10-10 16:52:27.337617,Silver Bracelet,Rings,Bangalore,37,15.78,24681.42,4,98725.68
2024-09-12 16:52:27.337621,Nose Pin,Nose Jewelry,Delhi,42,15.46,19756.42,4,79025.68
2024-07-29 16:52:27.337631,Diamond Pendant,Anklets,Kolkata,39,4.57,42118.18,2,84236.36
2025-04-16 16:52:27.337635,Diamond Pendant,Rings,Kolkata,30,2.68,8121.01,1,8121.01
2024-05-02 16:52:27.337639,Book Earrings,Anklets,Kolkata,36,14.28,25779.14,1,25779.14
2024-12-25 16:52:27.337643,Book Earrings,Anklets,Delhi,53,8.0,4040.03,4,16160.12
2024-12-17 16:52:27.337646,Anklets,Rings,Kolkata,29,9.21,4486.63,2,8973.26
2025-01-27 16:52:27.337651,Nose Pin,Bracelets,Bangalore,58,1.59,29119.43,1,29119.43
2024-11-26 16:52:27.337655,Diamond Pendant,Earrings,Mumbai,36,5.93,28734.9,4,114939.6
2024-11-07 16:52:27.337658,Gold Ring,Pendants,Bangalore,29,1.64,44023.64,1,44023.64
2024-08-02 16:52:27.337663,Silver Bracelet,Anklets,Bangalore,26,17.7,28335.81,2,56671.62
2024-11-08 16:52:27.337667,Book Earrings,Pendants,Mumbai,24,5.62,48029.76,2,96059.52
2025-01-09 16:52:27.337671,Silver Bracelet,Nose Jewelry,Bangalore,45,11.59,3386.05,2,6772.1
2025-03-27 16:52:27.337675,Silver Bracelet,Rings,Delhi,31,1.74,5802.38,1,5802.38
2024-07-19 16:52:27.337679,Anklets,Pendants,Mumbai,48,13.67,3159.23,3,9477.69
2024-05-13 16:52:27.337683,Diamond Pendant,Rings,Bangalore,36,7.14,10078.57,1,10078.57
2024-06-09 16:52:27.337687,Book Earrings,Pendants,Pune,33,18.06,27522.24,3,82566.72
2024-06-30 16:52:27.337692,Silver Bracelet,Earrings,Bangalore,22,17.87,32633.04,2,65266.08
2024-06-10 16:52:27.337696,Book Earrings,Earrings,Delhi,52,7.18,3233.67,4,12934.68
2024-05-08 16:52:27.337700,Gold Ring,Earrings,Kolkata,29,18.12,47352.57,3,142057.71
2025-01-13 16:52:27.337704,Anklets,Earrings,Bangalore,42,19.93,42266.1,2,84532.2
2024-07-11 16:52:27.337708,Gold Ring,Earrings,Kolkata,38,16.68,15534.01,2,31068.02
2024-08-17 16:52:27.337712,Book Earrings,Earrings,Pune,53,17.05,4782.19,3,14346.57
2024-08-04 16:52:27.337716,Book Earrings,Rings,Bangalore,40,5.73,9324.47,4,37297.88
2024-09-19 16:52:27.337720,Diamond Pendant,Anklets,Mumbai,33,11.96,7220.28,2,14440.56
2025-03-26 16:52:27.337724,Silver Bracelet,Pendants,Kolkata,56,2.28,7040.91,3,21122.73
2025-01-26 16:52:27.337728,Silver Bracelet,Earrings,Pune,59,2.8,26409.52,4,105638.08
2024-10-08 16:52:27.337732,Gold Ring,Rings,Mumbai,56,19.98,13046.52,4,52186.08
2024-12-01 16:52:27.337736,Anklets,Rings,Mumbai,31,7.21,18548.85,2,37097.7
2025-01-20 16:52:27.337740,Nose Pin,Rings,Mumbai,48,15.22,49485.76,1,49485.76
2024-07-14 16:52:27.337744,Silver Bracelet,Anklets,Mumbai,22,16.33,34531.4,1,34531.4
2024-07-08 16:52:27.337748,Diamond Pendant,Pendants,Bangalore,52,17.3,47500.05,2,95000.1
2024-08-02 16:52:27.337752,Gold Ring,Anklets,Bangalore,40,19.95,7985.27,4,31941.08
2025-03-11 16:52:27.337756,Gold Ring,Bracelets,Bangalore,46,5.59,19724.83,2,39449.66
2024-11-11 16:52:27.337760,Nose Pin,Rings,Pune,28,1.77,28181.86,3,84545.58
2024-07-10 16:52:27.337764,Diamond Pendant,Bracelets,Pune,35,8.81,4761.15,1,4761.15
2025-02-08 16:52:27.337768,Anklets,Nose Jewelry,Pune,29,3.47,1205.18,3,3615.54
2024-11-06 16:52:27.337772,Diamond Pendant,Earrings,Delhi,26,1.43,33851.28,2,67702.56
2024-06-24 16:52:27.337776,Anklets,Earrings,Pune,27,7.85,32449.16,2,64898.32
2024-12-05 16:52:27.337780,Diamond Pendant,Anklets,Bangalore,34,15.89,21128.65,4,84514.6
2024-12-18 16:52:27.337784,Diamond Pendant,Pendants,Bangalore,55,11.76,24992.56,4,99970.24
2024-07-17 16:52:27.337788,Book Earrings,Bracelets,Delhi,24,6.94,21356.71,4,85426.84
2024-11-19 16:52:27.337792,Gold Ring,Pendants,Delhi,30,13.43,2176.25,3,6528.75
2025-02-26 16:52:27.337796,Diamond Pendant,Anklets,Pune,57,5.41,17433.21,4,69732.84
2024-06-08 16:52:27.337800,Nose Pin,Earrings,Kolkata,59,1.27,9677.03,2,19354.06
2024-09-01 16:52:27.337804,Diamond Pendant,Pendants,Delhi,26,15.52,5822.79,4,23291.16
2024-06-18 16:52:27.337808,Silver Bracelet,Pendants,Mumbai,44,12.85,47879.3,1,47879.3
2025-03-09 16:52:27.337812,Gold Ring,Earrings,Bangalore,19,15.48,30368.63,4,121474.52
2025-02-21 16:52:27.337816,Silver Bracelet,Bracelets,Mumbai,22,1.74,36704.16,3,110112.48000000001
2024-05-26 16:52:27.337820,Gold Ring,Earrings,Bangalore,46,16.91,16452.82,1,16452.82
2024-08-06 16:52:27.337824,Silver Bracelet,Pendants,Bangalore,54,12.77,20264.21,1,20264.21
2024-07-25 16:52:27.337828,Diamond Pendant,Bracelets,Delhi,55,11.7,12609.28,1,12609.28
2025-02-12 16:52:27.337832,Diamond Pendant,Bracelets,Delhi,36,12.87,5751.32,3,17253.96
2024-11-19 16:52:27.337836,Book Earrings,Earrings,Mumbai,25,17.42,9772.55,2,19545.1
2024-11-27 16:52:27.337840,Nose Pin,Pendants,Bangalore,18,12.15,40078.19,4,160312.76
2024-11-15 16:52:27.337844,Silver Bracelet,Anklets,Mumbai,39,12.04,34199.74,1,34199.74
2025-03-04 16:52:27.337848,Anklets,Pendants,Kolkata,34,19.82,27799.51,1,27799.51
2024-04-23 16:52:27.337851,Book Earrings,Rings,Mumbai,24,15.38,24279.4,1,24279.4
2024-06-05 16:52:27.337855,Silver Bracelet,Nose Jewelry,Pune,42,9.4,46199.28,2,92398.56
2025-03-19 16:52:27.337858,Silver Bracelet,Anklets,Mumbai,21,14.44,4564.01,2,9128.02
2024-07-18 16:52:27.337861,Book Earrings,Bracelets,Pune,53,8.4,14749.44,3,44248.32
2024-08-20 16:52:27.337865,Diamond Pendant,Anklets,Pune,23,5.35,18146.95,2,36293.9
2024-11-10 16:52:27.337868,Silver Bracelet,Bracelets,Pune,48,12.34,39338.86,4,157355.44
2024-05-09 16:52:27.337872,Diamond Pendant,Bracelets,Kolkata,36,18.64,49633.22,3,148899.66
2024-10-22 16:52:27.337875,Book Earrings,Anklets,Mumbai,56,18.65,12792.86,3,38378.58
2025-02-09 16:52:27.337879,Diamond Pendant,Bracelets,Mumbai,44,7.5,43841.06,4,175364.24
2025-02-16 16:52:27.337883,Gold Ring,Bracelets,Kolkata,27,11.03,41700.52,4,166802.08
2024-10-30 16:52:27.337887,Anklets,Rings,Bangalore,43,5.02,12008.21,4,48032.84
2025-03-12 16:52:27.337890,Silver Bracelet,Pendants,Delhi,36,19.92,20567.3,3,61701.899999999994
2024-09-02 16:52:27.337893,Nose Pin,Pendants,Mumbai,56,19.64,21073.97,3,63221.91
2025-03-03 16:52:27.337896,Anklets,Nose Jewelry,Delhi,20,13.34,48932.81,3,146798.43
2025-01-11 16:52:27.337899,Diamond Pendant,Nose Jewelry,Kolkata,30,16.28,9863.7,4,39454.8
2024-05-02 16:52:27.337902,Silver Bracelet,Rings,Bangalore,45,14.59,40158.74,4,160634.96
2025-02-08 16:52:27.337905,Diamond Pendant,Nose Jewelry,Bangalore,37,12.27,17375.44,1,17375.44
2024-12-11 16:52:27.337909,Gold Ring,Anklets,Bangalore,45,2.01,36812.65,2,73625.3
2024-08-15 16:52:27.337912,Book Earrings,Earrings,Kolkata,25,9.64,21580.54,1,21580.54
2024-10-07 16:52:27.337915,Silver Bracelet,Earrings,Pune,58,13.82,29339.63,4,117358.52
2025-02-18 16:52:27.337918,Gold Ring,Earrings,Pune,56,13.87,41797.98,3,125393.94
2025-01-19 16:52:27.337921,Gold Ring,Rings,Delhi,18,8.09,40404.11,4,161616.44
2024-06-17 16:52:27.337925,Silver Bracelet,Rings,Pune,20,18.89,43454.74,2,86909.48
2024-12-24 16:52:27.337929,Diamond Pendant,Bracelets,Pune,30,4.18,3921.25,1,3921.25
2024-11-09 16:52:27.337932,Nose Pin,Earrings,Bangalore,45,10.51,34910.48,1,34910.48
2024-10-18 16:52:27.337936,Gold Ring,Anklets,Bangalore,42,14.13,7859.38,3,23578.14
2025-03-30 16:52:27.337939,Anklets,Nose Jewelry,Delhi,50,14.25,21375.11,1,21375.11
2025-04-12 16:52:27.337944,Gold Ring,Anklets,Mumbai,55,13.32,27880.83,1,27880.83
2024-09-14 16:52:27.337947,Nose Pin,Nose Jewelry,Delhi,23,6.23,20734.23,4,82936.92
2024-09-11 16:52:27.337951,Diamond Pendant,Earrings,Delhi,49,3.97,26460.97,1,26460.97
2025-01-31 16:52:27.337955,Diamond Pendant,Earrings,Kolkata,38,13.08,49829.79,1,49829.79
2025-03-23 16:52:27.337958,Anklets,Earrings,Kolkata,33,12.39,7625.65,1,7625.65
2024-10-07 16:52:27.337962,Gold Ring,Rings,Delhi,38,4.41,34097.35,3,102292.04999999999
2025-03-04 16:52:27.337966,Diamond Pendant,Nose Jewelry,Delhi,28,14.4,20404.05,3,61212.149999999994
2024-06-01 16:52:27.337970,Nose Pin,Rings,Delhi,54,9.65,7517.48,4,30069.92
2025-02-26 16:52:27.337974,Silver Bracelet,Rings,Pune,53,13.69,8778.1,1,8778.1
2024-09-18 16:52:27.337978,Book Earrings,Pendants,Kolkata,52,16.91,47514.38,3,142543.13999999998
2024-05-18 16:52:27.337982,Book Earrings,Anklets,Delhi,36,4.22,44100.47,3,132301.41
2024-08-02 16:52:27.337985,Book Earrings,Anklets,Bangalore,37,1.36,45445.06,4,181780.24
2024-09-23 16:52:27.337989,Gold Ring,Bracelets,Bangalore,35,15.8,49585.11,2,99170.22
2024-07-06 16:52:27.337993,Anklets,Rings,Pune,58,12.58,11207.45,1,11207.45
2024-10-01 16:52:27.337997,Diamond Pendant,Nose Jewelry,Pune,31,14.29,18416.53,3,55249.59
2024-04-21 16:52:27.338000,Silver Bracelet,Pendants,Mumbai,32,16.92,33791.73,4,135166.92
2025-01-20 16:52:27.338004,Nose Pin,Pendants,Mumbai,48,16.25,24706.32,4,98825.28
2024-09-15 16:52:27.338007,Silver Bracelet,Anklets,Mumbai,18,19.26,21501.09,4,86004.36
2025-02-26 16:52:27.338011,Nose Pin,Rings,Pune,20,11.18,18532.75,3,55598.25
2024-10-29 16:52:27.338015,Gold Ring,Bracelets,Pune,33,10.28,30095.25,1,30095.25
2024-06-20 16:52:27.338019,Book Earrings,Rings,Pune,40,8.64,29204.08,2,58408.16
2025-01-09 16:52:27.338022,Gold Ring,Earrings,Bangalore,28,3.92,8911.43,1,8911.43
2025-03-05 16:52:27.338026,Anklets,Rings,Pune,29,11.88,24115.25,4,96461.0
2024-07-15 16:52:27.338030,Anklets,Earrings,Bangalore,27,6.26,28120.12,4,112480.48
2024-05-05 16:52:27.338033,Nose Pin,Earrings,Mumbai,49,18.5,28944.06,2,57888.12
2024-08-31 16:52:27.338037,Diamond Pendant,Bracelets,Mumbai,33,12.08,11295.25,1,11295.25
2024-06-28 16:52:27.338041,Diamond Pendant,Nose Jewelry,Mumbai,25,12.26,37371.3,4,149485.2
2024-12-04 16:52:27.338044,Nose Pin,Anklets,Delhi,55,7.74,2234.76,4,8939.04
2024-04-25 16:52:27.338048,Anklets,Rings,Delhi,29,1.99,18386.76,1,18386.76
2024-04-27 16:52:27.338052,Anklets,Earrings,Kolkata,41,1.6,39230.42,4,156921.68
2024-05-22 16:52:27.338055,Anklets,Rings,Kolkata,45,9.04,28630.75,1,28630.75
2024-08-13 16:52:27.338058,Gold Ring,Nose Jewelry,Kolkata,25,2.61,13796.96,4,55187.84
2024-09-16 16:52:27.338062,Anklets,Anklets,Delhi,45,12.53,35052.7,1,35052.7
2024-11-07 16:52:27.338065,Silver Bracelet,Nose Jewelry,Delhi,53,17.74,28802.16,2,57604.32
2025-01-29 16:52:27.338069,Book Earrings,Anklets,Kolkata,43,17.78,40015.94,4,160063.76
2025-01-27 16:52:27.338073,Anklets,Pendants,Kolkata,25,13.52,37016.23,2,74032.46
2024-07-15 16:52:27.338076,Nose Pin,Anklets,Pune,45,5.01,30895.29,4,123581.16
2024-10-31 16:52:27.338080,Book Earrings,Bracelets,Kolkata,45,17.4,24920.71,4,99682.84
2024-12-30 16:52:27.338084,Gold Ring,Nose Jewelry,Pune,54,17.84,7525.92,3,22577.760000000002
2024-12-17 16:52:27.338087,Nose Pin,Earrings,Bangalore,58,4.74,13805.32,1,13805.32
2024-10-06 16:52:27.338091,Book Earrings,Pendants,Delhi,53,15.01,21535.87,2,43071.74
2024-12-11 16:52:27.338095,Nose Pin,Bracelets,Kolkata,44,6.44,30365.67,2,60731.34
2024-10-24 16:52:27.338099,Gold Ring,Rings,Delhi,34,16.25,26171.68,2,52343.36
2025-03-26 16:52:27.338103,Silver Bracelet,Nose Jewelry,Delhi,26,19.95,15121.04,1,15121.04
2024-08-29 16:52:27.338106,Gold Ring,Earrings,Delhi,50,1.57,1316.75,3,3950.25
2024-10-23 16:52:27.338110,Gold Ring,Anklets,Bangalore,37,18.05,25315.72,2,50631.44
2024-06-14 16:52:27.338114,Nose Pin,Earrings,Mumbai,30,12.83,14995.67,1,14995.67
2025-04-21 16:52:27.338118,Diamond Pendant,Rings,Kolkata,45,19.49,36995.81,4,147983.24
2024-06-12 16:52:27.338121,Anklets,Pendants,Mumbai,46,9.84,2173.37,2,4346.74
2025-04-06 16:52:27.338125,Anklets,Pendants,Mumbai,30,17.1,29656.56,2,59313.12
2024-07-18 16:52:27.338129,Silver Bracelet,Nose Jewelry,Mumbai,52,2.19,47132.24,3,141396.72
2025-02-01 16:52:27.338133,Silver Bracelet,Pendants,Delhi,23,7.37,9546.05,2,19092.1
2024-11-08 16:52:27.338137,Anklets,Nose Jewelry,Pune,35,2.27,24110.83,2,48221.66
2025-02-16 16:52:27.338140,Diamond Pendant,Nose Jewelry,Delhi,22,19.53,5479.68,4,21918.72
2025-02-09 16:52:27.338144,Anklets,Nose Jewelry,Delhi,42,16.52,31658.41,1,31658.41
2024-11-13 16:52:27.338147,Diamond Pendant,Anklets,Mumbai,19,17.2,27976.05,1,27976.05
2025-04-08 16:52:27.338151,Silver Bracelet,Bracelets,Delhi,27,18.82,20960.91,3,62882.729999999996
2025-04-17 16:52:27.338155,Book Earrings,Nose Jewelry,Mumbai,47,2.62,26547.47,4,106189.88
2024-06-26 16:52:27.338158,Nose Pin,Nose Jewelry,Pune,22,8.33,44932.16,1,44932.16
2024-06-02 16:52:27.338162,Silver Bracelet,Bracelets,Kolkata,50,2.35,10618.42,4,42473.68
2024-09-27 16:52:27.338166,Silver Bracelet,Earrings,Mumbai,18,5.01,2105.66,1,2105.66
2024-08-15 16:52:27.338170,Gold Ring,Nose Jewelry,Pune,35,5.36,43221.58,4,172886.32
2025-04-14 16:52:27.338173,Gold Ring,Anklets,Kolkata,49,9.91,29278.74,3,87836.22
2025-02-03 16:52:27.338177,Gold Ring,Pendants,Bangalore,28,6.1,44642.26,2,89284.52
2024-08-05 16:52:27.338181,Nose Pin,Pendants,Mumbai,38,2.92,30250.32,3,90750.95999999999
2024-07-17 16:52:27.338184,Gold Ring,Rings,Mumbai,43,4.18,40697.89,1,40697.89
2025-03-01 16:52:27.338189,Diamond Pendant,Rings,Bangalore,42,3.8,22053.99,3,66161.97
2025-01-09 16:52:27.338192,Anklets,Pendants,Bangalore,39,19.49,37743.14,2,75486.28
2025-02-11 16:52:27.338196,Book Earrings,Pendants,Mumbai,44,15.43,45739.03,3,137217.09
2024-07-07 16:52:27.338199,Silver Bracelet,Anklets,Bangalore,30,19.39,29034.03,1,29034.03
2024-09-30 16:52:27.338203,Diamond Pendant,Bracelets,Delhi,50,9.36,9858.47,1,9858.47
2024-09-18 16:52:27.338207,Book Earrings,Rings,Kolkata,51,6.29,14171.08,3,42513.24
2024-06-08 16:52:27.338211,Diamond Pendant,Bracelets,Kolkata,58,16.17,10733.58,2,21467.16
2025-01-06 16:52:27.338215,Diamond Pendant,Anklets,Kolkata,52,7.2,13095.99,3,39287.97
2024-06-25 16:52:27.338219,Silver Bracelet,Pendants,Delhi,18,6.69,16014.36,2,32028.72
2024-05-03 16:52:27.338223,Anklets,Nose Jewelry,Bangalore,38,5.42,28201.56,4,112806.24
2025-01-29 16:52:27.338227,Gold Ring,Bracelets,Pune,23,3.46,29811.59,2,59623.18
2025-02-25 16:52:27.338231,Nose Pin,Pendants,Bangalore,45,5.87,21898.49,4,87593.96
2024-07-16 16:52:27.338235,Anklets,Pendants,Mumbai,34,7.75,31155.62,3,93466.86
2025-04-06 16:52:27.338239,Nose Pin,Earrings,Kolkata,22,13.81,4997.17,2,9994.34
2024-08-28 16:52:27.338244,Silver Bracelet,Bracelets,Bangalore,48,2.19,5301.62,4,21206.48
2024-08-09 16:52:27.338248,Silver Bracelet,Nose Jewelry,Pune,22,5.0,9419.64,4,37678.56
2025-03-29 16:52:27.338251,Silver Bracelet,Bracelets,Mumbai,55,16.37,26385.8,4,105543.2
2025-04-15 16:52:27.338255,Book Earrings,Pendants,Delhi,20,3.79,11485.74,1,11485.74
2024-10-26 16:52:27.338259,Nose Pin,Nose Jewelry,Delhi,40,7.51,14880.94,3,44642.82
2024-05-11 16:52:27.338263,Anklets,Anklets,Pune,54,17.43,20615.33,4,82461.32
2025-01-11 16:52:27.338266,Anklets,Earrings,Mumbai,54,3.94,40781.44,2,81562.88
2025-04-01 16:52:27.338270,Diamond Pendant,Pendants,Kolkata,27,2.57,1679.24,4,6716.96
2025-02-26 16:52:27.338274,Diamond Pendant,Rings,Bangalore,27,10.21,32819.56,1,32819.56
2025-01-24 16:52:27.338277,Diamond Pendant,Rings,Mumbai,36,6.75,33774.95,3,101324.84999999999
2024-11-14 16:52:27.338281,Silver Bracelet,Earrings,Delhi,34,11.7,40134.13,1,40134.13
2024-06-24 16:52:27.338285,Anklets,Anklets,Pune,38,16.27,46704.89,1,46704.89
2025-02-19 16:52:27.338289,Nose Pin,Pendants,Pune,31,3.61,1986.75,1,1986.75
2024-04-22 16:52:27.338293,Silver Bracelet,Bracelets,Bangalore,26,12.03,8535.4,2,17070.8
2024-09-24 16:52:27.338296,Book Earrings,Earrings,Pune,18,10.6,44422.39,3,133267.16999999998
2024-12-28 16:52:27.338300,Diamond Pendant,Anklets,Pune,30,3.74,23467.41,3,70402.23
2025-01-26 16:52:27.338303,Silver Bracelet,Bracelets,Mumbai,21,12.86,28664.94,2,57329.88
2025-01-10 16:52:27.338307,Silver Bracelet,Rings,Kolkata,18,6.2,33488.33,3,100464.99
2024-05-22 16:52:27.338311,Book Earrings,Rings,Bangalore,57,10.27,34274.26,1,34274.26
2025-04-19 16:52:27.338315,Gold Ring,Bracelets,Mumbai,49,2.56,46655.28,3,139965.84
2025-04-15 16:52:27.338318,Anklets,Earrings,Kolkata,51,9.73,49850.52,2,99701.04
2025-02-24 16:52:27.338322,Nose Pin,Rings,Mumbai,45,6.82,36287.72,1,36287.72
2025-03-05 16:52:27.338326,Gold Ring,Pendants,Mumbai,48,16.63,15073.84,2,30147.68
2024-08-24 16:52:27.338330,Diamond Pendant,Nose Jewelry,Pune,25,2.08,44107.87,4,176431.48
2024-11-15 16:52:27.338334,Silver Bracelet,Bracelets,Kolkata,56,8.95,3411.82,1,3411.82
2024-12-22 16:52:27.338337,Book Earrings,Bracelets,Bangalore,43,9.71,12322.96,1,12322.96
2024-06-20 16:52:27.338341,Book Earrings,Rings,Bangalore,51,14.78,44971.9,3,134915.7
2025-02-10 16:52:27.338346,Anklets,Earrings,Kolkata,20,11.91,13553.38,1,13553.38
2024-12-06 16:52:27.338349,Gold Ring,Pendants,Pune,29,13.68,11811.9,2,23623.8
2024-09-26 16:52:27.338353,Anklets,Earrings,Delhi,18,15.76,7768.14,3,23304.420000000002
2024-06-17 16:52:27.338356,Silver Bracelet,Anklets,Mumbai,22,17.38,43096.48,4,172385.92
2024-05-01 16:52:27.338360,Anklets,Anklets,Pune,47,6.96,25502.85,2,51005.7
2024-07-12 16:52:27.338364,Nose Pin,Nose Jewelry,Kolkata,47,11.22,34069.77,4,136279.08
2024-05-04 16:52:27.338368,Book Earrings,Rings,Mumbai,34,16.96,12714.25,4,50857.0
2024-07-08 16:52:27.338388,Book Earrings,Rings,Bangalore,40,19.8,38143.98,4,152575.92
2024-08-28 16:52:27.338408,Diamond Pendant,Rings,Delhi,32,17.9,38240.27,1,38240.27
2024-10-17 16:52:27.338412,Diamond Pendant,Nose Jewelry,Bangalore,54,8.06,16317.3,2,32634.6
2024-08-19 16:52:27.338415,Silver Bracelet,Anklets,Kolkata,38,4.71,21123.45,2,42246.9
2024-11-20 16:52:27.338419,Nose Pin,Earrings,Mumbai,31,10.3,11274.82,1,11274.82
2024-06-16 16:52:27.338423,Gold Ring,Nose Jewelry,Kolkata,19,15.09,48851.49,3,146554.47
2024-05-24 16:52:27.338426,Anklets,Nose Jewelry,Mumbai,28,10.36,32634.53,4,130538.12
2024-07-05 16:52:27.338430,Silver Bracelet,Earrings,Pune,56,10.18,46792.65,2,93585.3
2024-11-08 16:52:27.338434,Diamond Pendant,Rings,Delhi,55,16.93,15865.89,1,15865.89
2024-08-22 16:52:27.338438,Anklets,Pendants,Pune,51,7.87,39312.65,4,157250.6
2024-11-09 16:52:27.338442,Diamond Pendant,Earrings,Pune,55,17.34,38527.07,3,115581.20999999999
2024-08-02 16:52:27.338445,Anklets,Anklets,Kolkata,51,8.73,34891.13,3,104673.38999999998
2025-04-02 16:52:27.338449,Gold Ring,Bracelets,Delhi,35,7.24,48316.31,4,193265.24
2024-08-26 16:52:27.338453,Silver Bracelet,Bracelets,Mumbai,47,9.63,20284.21,3,60852.63
2024-07-26 16:52:27.338457,Anklets,Nose Jewelry,Mumbai,32,15.49,7405.15,2,14810.3
2024-12-26 16:52:27.338460,Nose Pin,Bracelets,Bangalore,44,3.39,33913.73,2,67827.46
2025-02-18 16:52:27.338464,Book Earrings,Pendants,Mumbai,51,4.73,36736.18,2,73472.36
2025-02-03 16:52:27.338468,Nose Pin,Rings,Kolkata,55,19.08,29177.97,3,87533.91
2024-10-11 16:52:27.338471,Nose Pin,Anklets,Pune,50,4.33,11134.08,2,22268.16
2024-10-14 16:52:27.338475,Book Earrings,Pendants,Pune,41,11.79,25718.34,1,25718.34
2024-09-02 16:52:27.338479,Nose Pin,Anklets,Pune,32,12.01,16297.3,2,32594.6
2024-10-04 16:52:27.338483,Anklets,Anklets,Delhi,47,10.3,21945.86,2,43891.72
2024-11-08 16:52:27.338486,Anklets,Rings,Mumbai,59,13.25,32615.71,3,97847.13
2025-04-05 16:52:27.338490,Anklets,Nose Jewelry,Kolkata,34,5.37,37515.52,2,75031.04
2024-09-05 16:52:27.338494,Book Earrings,Bracelets,Delhi,22,11.5,12379.01,4,49516.04
2025-02-11 16:52:27.338498,Nose Pin,Rings,Bangalore,46,8.07,20860.94,1,20860.94
2024-12-06 16:52:27.338502,Book Earrings,Pendants,Kolkata,21,13.57,14188.92,3,42566.76
2025-04-14 16:52:27.338506,Anklets,Nose Jewelry,Kolkata,27,3.68,10732.95,1,10732.95
2024-07-27 16:52:27.338509,Nose Pin,Pendants,Kolkata,34,11.85,39385.97,4,157543.88
2024-10-10 16:52:27.338514,Nose Pin,Nose Jewelry,Pune,27,4.52,45553.38,3,136660.13999999998
2024-10-31 16:52:27.338517,Diamond Pendant,Pendants,Kolkata,34,6.29,19141.38,3,57424.14
2024-05-18 16:52:27.338521,Diamond Pendant,Rings,Mumbai,37,5.16,37812.67,2,75625.34
2024-05-29 16:52:27.338525,Gold Ring,Nose Jewelry,Kolkata,41,4.47,44952.77,1,44952.77
2025-03-20 16:52:27.338529,Silver Bracelet,Nose Jewelry,Pune,22,16.69,42460.09,4,169840.36
2025-03-12 16:52:27.338533,Diamond Pendant,Anklets,Kolkata,51,6.43,9957.86,4,39831.44
2024-11-26 16:52:27.338537,Book Earrings,Anklets,Bangalore,23,18.62,47858.3,3,143574.90000000002
2024-06-12 16:52:27.338540,Diamond Pendant,Earrings,Bangalore,19,19.43,19457.15,2,38914.3
2024-10-20 16:52:27.338544,Gold Ring,Pendants,Pune,30,11.85,17622.79,3,52868.37
2024-05-24 16:52:27.338548,Nose Pin,Anklets,Mumbai,28,3.72,4059.14,3,12177.42
2024-11-22 16:52:27.338552,Gold Ring,Earrings,Mumbai,40,8.12,24822.51,3,74467.53
2024-11-25 16:52:27.338556,Nose Pin,Anklets,Delhi,33,16.16,6341.67,3,19025.010000000002
2025-03-04 16:52:27.338560,Nose Pin,Pendants,Pune,48,7.98,13178.45,4,52713.8
2025-02-04 16:52:27.338564,Silver Bracelet,Nose Jewelry,Kolkata,28,2.65,16530.19,4,66120.76
2025-03-13 16:52:27.338568,Diamond Pendant,Bracelets,Pune,33,11.58,40632.49,3,121897.47
2025-02-04 16:52:27.338572,Book Earrings,Pendants,Delhi,25,17.06,43898.94,3,131696.82
2024-10-07 16:52:27.338576,Book Earrings,Rings,Pune,21,16.12,15820.85,2,31641.7
2024-09-08 16:52:27.338580,Anklets,Anklets,Pune,57,4.33,43076.21,3,129228.63
2024-12-30 16:52:27.338583,Nose Pin,Anklets,Delhi,21,13.78,43004.32,4,172017.28
2025-02-12 16:52:27.338587,Book Earrings,Nose Jewelry,Mumbai,42,5.19,38467.9,1,38467.9
2024-06-08 16:52:27.338591,Silver Bracelet,Rings,Kolkata,20,5.15,8188.06,4,32752.24
2024-10-25 16:52:27.338595,Nose Pin,Nose Jewelry,Delhi,49,17.61,34825.82,2,69651.64
2025-02-08 16:52:27.338599,Silver Bracelet,Rings,Bangalore,20,5.74,47306.18,4,189224.72
2024-11-15 16:52:27.338603,Book Earrings,Bracelets,Mumbai,44,6.0,34444.48,1,34444.48
2025-03-06 16:52:27.338606,Book Earrings,Anklets,Bangalore,46,1.01,17249.23,3,51747.69
2024-09-15 16:52:27.338611,Anklets,Anklets,Mumbai,49,17.54,25528.39,1,25528.39
2024-04-28 16:52:27.338614,Book Earrings,Bracelets,Kolkata,36,16.06,32640.53,3,97921.59
2025-01-20 16:52:27.338618,Nose Pin,Earrings,Kolkata,38,12.92,26017.95,3,78053.85
2024-07-18 16:52:27.338628,Nose Pin,Nose Jewelry,Pune,22,15.26,6877.69,4,27510.76
2024-09-22 16:52:27.338632,Nose Pin,Bracelets,Bangalore,35,3.89,16291.14,4,65164.56
2024-07-22 16:52:27.338636,Anklets,Nose Jewelry,Mumbai,45,9.71,40317.41,4,161269.64
2025-03-17 16:52:27.338640,Anklets,Pendants,Kolkata,59,7.67,43209.48,2,86418.96
2024-12-10 16:52:27.338644,Book Earrings,Anklets,Delhi,39,2.78,7727.7,4,30910.8
2024-07-12 16:52:27.338647,Gold Ring,Nose Jewelry,Kolkata,38,10.24,47666.95,2,95333.9
2024-12-12 16:52:27.338651,Gold Ring,Rings,Delhi,23,18.49,17112.31,4,68449.24
2024-12-13 16:52:27.338655,Anklets,Nose Jewelry,Mumbai,18,1.76,33453.37,3,100360.11000000002
2024-06-21 16:52:27.338659,Book Earrings,Pendants,Kolkata,22,6.54,37839.43,2,75678.86
2024-12-08 16:52:27.338663,Gold Ring,Anklets,Kolkata,58,4.94,40785.37,1,40785.37
2025-01-02 16:52:27.338666,Book Earrings,Bracelets,Mumbai,29,5.52,47341.74,2,94683.48
2024-06-17 16:52:27.338670,Book Earrings,Pendants,Kolkata,43,18.26,16333.06,2,32666.12
2024-12-30 16:52:27.338674,Book Earrings,Anklets,Delhi,51,9.89,43066.82,1,43066.82
2024-09-23 16:52:27.338677,Diamond Pendant,Nose Jewelry,Kolkata,31,9.86,7452.66,2,14905.32
2024-11-19 16:52:27.338682,Nose Pin,Earrings,Bangalore,43,15.45,35547.0,3,106641.0
2024-06-08 16:52:27.338686,Book Earrings,Earrings,Pune,44,3.94,37356.91,4,149427.64
2024-07-15 16:52:27.338690,Diamond Pendant,Rings,Delhi,26,10.26,34208.44,1,34208.44
2024-07-24 16:52:27.338694,Anklets,Anklets,Bangalore,43,9.17,13363.42,4,53453.68
2024-11-09 16:52:27.338698,Gold Ring,Earrings,Mumbai,39,12.34,43779.11,3,131337.33000000002
2024-08-31 16:52:27.338702,Nose Pin,Bracelets,Delhi,47,19.99,9274.06,1,9274.06
2024-08-12 16:52:27.338706,Gold Ring,Anklets,Pune,34,15.62,3628.1,4,14512.4
2024-06-11 16:52:27.338710,Nose Pin,Bracelets,Pune,43,8.56,36155.78,4,144623.12
2024-10-11 16:52:27.338713,Gold Ring,Bracelets,Mumbai,53,16.72,24298.31,3,72894.93000000001
2025-01-18 16:52:27.338717,Nose Pin,Earrings,Mumbai,18,4.24,42605.8,4,170423.2
2024-05-08 16:52:27.338721,Gold Ring,Anklets,Delhi,25,1.58,19786.46,3,59359.38
2024-12-12 16:52:27.338725,Gold Ring,Nose Jewelry,Kolkata,52,4.88,9245.65,2,18491.3
2024-07-14 16:52:27.338728,Gold Ring,Pendants,Mumbai,32,7.47,41985.67,3,125957.01
2024-11-10 16:52:27.338732,Gold Ring,Earrings,Kolkata,39,10.7,27896.57,2,55793.14
2024-06-12 16:52:27.338736,Anklets,Earrings,Bangalore,31,12.69,10270.59,1,10270.59
2025-04-20 16:52:27.338740,Book Earrings,Nose Jewelry,Pune,43,18.3,36298.82,4,145195.28
2025-02-21 16:52:27.338743,Silver Bracelet,Anklets,Kolkata,45,10.69,26044.57,3,78133.70999999999
2024-05-12 16:52:27.338747,Diamond Pendant,Anklets,Pune,40,10.52,30611.34,3,91834.02
2024-12-03 16:52:27.338750,Silver Bracelet,Bracelets,Kolkata,31,1.95,23584.02,4,94336.08
2024-11-10 16:52:27.338754,Silver Bracelet,Nose Jewelry,Bangalore,41,1.66,41606.74,4,166426.96
2024-11-28 16:52:27.338758,Nose Pin,Nose Jewelry,Mumbai,19,11.47,41648.57,1,41648.57
2024-10-18 16:52:27.338761,Book Earrings,Anklets,Bangalore,43,9.33,35760.05,1,35760.05
2025-03-11 16:52:27.338765,Nose Pin,Bracelets,Mumbai,31,16.94,6164.67,3,18494.010000000002
2024-09-02 16:52:27.338769,Book Earrings,Earrings,Mumbai,24,4.05,42103.84,1,42103.84
2024-11-29 16:52:27.338773,Book Earrings,Rings,Pune,20,1.47,33879.64,2,67759.28
2024-06-16 16:52:27.338777,Gold Ring,Pendants,Bangalore,40,9.53,35154.18,1,35154.18
2025-04-05 16:52:27.338780,Anklets,Earrings,Kolkata,35,5.51,18786.16,1,18786.16
2024-12-29 16:52:27.338784,Gold Ring,Anklets,Bangalore,55,1.94,44084.7,3,132254.09999999998
2024-08-18 16:52:27.338788,Anklets,Pendants,Pune,52,14.77,36543.21,2,73086.42
2024-07-05 16:52:27.338791,Nose Pin,Rings,Mumbai,32,3.12,6516.93,1,6516.93
2024-06-18 16:52:27.338795,Anklets,Rings,Pune,42,12.56,20981.12,2,41962.24
2024-05-27 16:52:27.338799,Nose Pin,Bracelets,Delhi,54,6.34,44432.64,2,88865.28
2024-06-12 16:52:27.338803,Silver Bracelet,Pendants,Delhi,45,4.3,3312.64,2,6625.28
2024-09-07 16:52:27.338807,Silver Bracelet,Bracelets,Kolkata,27,8.22,48109.41,4,192437.64
2024-07-01 16:52:27.338811,Anklets,Earrings,Pune,56,16.23,34278.97,4,137115.88
2024-12-01 16:52:27.338815,Anklets,Nose Jewelry,Kolkata,34,8.45,31937.42,4,127749.68
2024-12-24 16:52:27.338819,Nose Pin,Nose Jewelry,Kolkata,56,15.26,14257.4,4,57029.6
2024-10-26 16:52:27.338822,Gold Ring,Nose Jewelry,Delhi,39,3.38,13190.8,3,39572.399999999994
2024-09-03 16:52:27.338826,Nose Pin,Pendants,Kolkata,43,15.68,47160.85,1,47160.85
2024-07-19 16:52:27.338830,Gold Ring,Nose Jewelry,Delhi,42,5.5,15615.35,4,62461.4
2024-08-02 16:52:27.338834,Silver Bracelet,Earrings,Mumbai,34,13.87,38999.76,3,116999.28
2024-09-15 16:52:27.338838,Book Earrings,Bracelets,Pune,30,11.75,20262.97,1,20262.97
2025-03-01 16:52:27.338842,Anklets,Pendants,Kolkata,37,18.65,7823.45,4,31293.8
2025-03-30 16:52:27.338845,Gold Ring,Bracelets,Delhi,42,8.36,1525.05,1,1525.05
2025-03-27 16:52:27.338850,Nose Pin,Pendants,Bangalore,21,2.26,27668.61,4,110674.44
2025-01-12 16:52:27.338853,Silver Bracelet,Bracelets,Kolkata,27,1.36,48813.16,3,146439.48
2024-09-26 16:52:27.338857,Gold Ring,Rings,Mumbai,20,16.71,19087.67,2,38175.34
2024-11-04 16:52:27.338861,Nose Pin,Bracelets,Mumbai,58,10.97,18502.42,2,37004.84
2024-04-29 16:52:27.338864,Anklets,Nose Jewelry,Bangalore,35,15.73,17860.49,1,17860.49
2024-09-11 16:52:27.338869,Anklets,Rings,Delhi,53,5.45,26506.65,3,79519.95000000001
2024-07-11 16:52:27.338872,Diamond Pendant,Bracelets,Kolkata,39,7.56,22592.58,2,45185.16
2025-01-26 16:52:27.338876,Book Earrings,Pendants,Delhi,51,1.57,44115.82,4,176463.28
2025-04-11 16:52:27.338879,Diamond Pendant,Pendants,Mumbai,25,19.27,25770.52,2,51541.04
2024-07-17 16:52:27.338883,Silver Bracelet,Pendants,Delhi,57,13.69,25880.13,1,25880.13
2024-09-16 16:52:27.338887,Gold Ring,Anklets,Mumbai,36,18.73,7780.21,1,7780.21
2024-11-18 16:52:27.338890,Silver Bracelet,Earrings,Delhi,59,6.04,49154.24,3,147462.72
2025-01-20 16:52:27.338894,Nose Pin,Pendants,Bangalore,58,12.62,13248.67,1,13248.67
2024-12-12 16:52:27.338898,Anklets,Rings,Pune,54,13.89,4594.84,2,9189.68
2025-03-20 16:52:27.338902,Diamond Pendant,Pendants,Bangalore,23,7.03,33494.17,2,66988.34
2024-06-07 16:52:27.338905,Diamond Pendant,Anklets,Bangalore,43,17.11,30172.95,2,60345.9
2024-07-26 16:52:27.338909,Diamond Pendant,Nose Jewelry,Pune,51,19.0,21342.14,2,42684.28
2024-06-26 16:52:27.338913,Silver Bracelet,Rings,Pune,23,17.81,21687.42,3,65062.259999999995
2024-11-22 16:52:27.338917,Anklets,Anklets,Kolkata,54,15.04,39468.13,4,157872.52
2025-02-21 16:52:27.338921,Gold Ring,Nose Jewelry,Kolkata,50,6.27,10589.92,4,42359.68
2024-11-19 16:52:27.338925,Nose Pin,Rings,Bangalore,39,6.35,41192.41,3,123577.23000000001
2024-10-02 16:52:27.338928,Gold Ring,Bracelets,Bangalore,38,19.3,32788.61,1,32788.61
2024-09-19 16:52:27.338932,Silver Bracelet,Earrings,Mumbai,23,1.2,21529.52,4,86118.08
2025-01-02 16:52:27.338936,Nose Pin,Earrings,Mumbai,23,14.6,23443.4,1,23443.4
2024-11-24 16:52:27.338939,Diamond Pendant,Anklets,Kolkata,21,14.42,13575.71,4,54302.84
2024-09-23 16:52:27.338943,Book Earrings,Nose Jewelry,Kolkata,47,12.83,37853.6,1,37853.6
2024-06-01 16:52:27.338947,Silver Bracelet,Earrings,Mumbai,28,19.81,26130.86,3,78392.58
2025-01-10 16:52:27.338951,Silver Bracelet,Nose Jewelry,Mumbai,47,6.93,16721.87,2,33443.74
2024-12-27 16:52:27.338954,Anklets,Nose Jewelry,Delhi,48,7.46,30206.46,1,30206.46
2024-06-28 16:52:27.338958,Gold Ring,Anklets,Delhi,41,2.5,49790.99,2,99581.98
2024-05-03 16:52:27.338962,Silver Bracelet,Anklets,Mumbai,26,9.41,22327.85,1,22327.85
2024-11-19 16:52:27.338966,Silver Bracelet,Anklets,Delhi,20,5.96,46113.88,1,46113.88
2025-01-27 16:52:27.338969,Diamond Pendant,Earrings,Pune,48,7.52,17905.83,1,17905.83
2025-03-05 16:52:27.338973,Diamond Pendant,Anklets,Kolkata,57,16.86,3681.9,1,3681.9
2024-08-22 16:52:27.338978,Nose Pin,Earrings,Kolkata,54,18.77,11007.86,1,11007.86
2024-06-16 16:52:27.338982,Book Earrings,Anklets,Mumbai,53,4.53,21516.06,2,43032.12
2024-06-29 16:52:27.338985,Anklets,Pendants,Bangalore,41,8.08,11762.11,1,11762.11
2025-01-23 16:52:27.338989,Book Earrings,Nose Jewelry,Mumbai,48,18.64,1011.12,2,2022.24
2024-09-06 16:52:27.338993,Nose Pin,Anklets,Delhi,23,2.17,45835.08,3,137505.24
2024-09-27 16:52:27.338998,Diamond Pendant,Rings,Bangalore,19,2.75,42350.09,4,169400.36
2024-08-18 16:52:27.339002,Gold Ring,Nose Jewelry,Delhi,37,4.09,37372.32,1,37372.32
2024-07-23 16:52:27.339006,Diamond Pendant,Nose Jewelry,Pune,45,12.31,9222.92,4,36891.68
2025-01-18 16:52:27.339010,Anklets,Anklets,Delhi,28,3.86,6897.82,2,13795.64
2025-04-04 16:52:27.339014,Diamond Pendant,Bracelets,Pune,21,19.39,4312.63,3,12937.89
2025-01-31 16:52:27.339018,Anklets,Anklets,Pune,32,9.49,36477.43,3,109432.29000000001
2024-11-13 16:52:27.339023,Anklets,Nose Jewelry,Delhi,23,10.53,46511.59,3,139534.77
2024-08-14 16:52:27.339027,Anklets,Rings,Delhi,47,5.69,22096.26,4,88385.04
2024-10-17 16:52:27.339030,Nose Pin,Nose Jewelry,Pune,55,9.95,6837.89,2,13675.78
2025-03-31 16:52:27.339034,Anklets,Rings,Bangalore,19,13.58,26107.25,1,26107.25
2025-03-03 16:52:27.339038,Anklets,Earrings,Pune,32,15.27,18092.76,1,18092.76
2024-07-28 16:52:27.339042,Gold Ring,Pendants,Kolkata,28,15.32,19366.42,2,38732.84
2024-08-13 16:52:27.339046,Book Earrings,Nose Jewelry,Pune,25,11.98,31445.2,4,125780.8
2024-10-24 16:52:27.339050,Silver Bracelet,Anklets,Bangalore,43,18.18,36217.19,1,36217.19
2025-03-24 16:52:27.339054,Book Earrings,Earrings,Kolkata,22,16.53,6419.58,2,12839.16
2025-01-26 16:52:27.339058,Anklets,Pendants,Mumbai,23,15.38,2743.92,1,2743.92
2025-01-09 16:52:27.339062,Gold Ring,Anklets,Mumbai,43,2.06,49722.18,3,149166.54
2025-04-17 16:52:27.339065,Diamond Pendant,Bracelets,Bangalore,21,1.13,12403.69,1,12403.69
2024-08-06 16:52:27.339069,Gold Ring,Anklets,Pune,36,5.04,3637.7,4,14550.8
2024-04-29 16:52:27.339073,Anklets,Rings,Delhi,37,13.61,10303.89,2,20607.78
2025-03-08 16:52:27.339077,Gold Ring,Rings,Bangalore,50,8.81,2908.93,4,11635.72
2024-09-25 16:52:27.339081,Gold Ring,Bracelets,Kolkata,37,8.65,20198.73,2,40397.46
2024-11-26 16:52:27.339084,Anklets,Earrings,Kolkata,29,17.81,40317.69,3,120953.07
2024-09-04 16:52:27.339088,Nose Pin,Pendants,Mumbai,18,18.02,17720.98,2,35441.96
2025-02-19 16:52:27.339092,Gold Ring,Anklets,Kolkata,43,18.27,22764.99,1,22764.99
2024-12-02 16:52:27.339096,Silver Bracelet,Rings,Bangalore,31,6.96,34103.75,1,34103.75
2024-12-07 16:52:27.339100,Silver Bracelet,Earrings,Kolkata,55,14.13,25935.81,3,77807.43000000001
2024-07-02 16:52:27.339103,Gold Ring,Bracelets,Bangalore,54,6.16,43210.84,2,86421.68
2024-06-25 16:52:27.339107,Nose Pin,Nose Jewelry,Delhi,28,4.62,43435.75,3,130307.25
2024-10-19 16:52:27.339111,Diamond Pendant,Rings,Mumbai,53,4.51,1485.62,1,1485.62
2024-05-01 16:52:27.339115,Anklets,Bracelets,Kolkata,30,7.5,39124.27,4,156497.08
2024-08-09 16:52:27.339119,Silver Bracelet,Anklets,Bangalore,20,9.17,23575.95,3,70727.85
2024-12-22 16:52:27.339123,Diamond Pendant,Pendants,Pune,50,16.79,49453.19,4,197812.76
2024-11-12 16:52:27.339127,Gold Ring,Rings,Mumbai,23,3.28,24678.37,4,98713.48
2025-03-08 16:52:27.339130,Diamond Pendant,Rings,Delhi,27,14.96,49357.9,2,98715.8
2025-02-18 16:52:27.339134,Book Earrings,Anklets,Bangalore,22,11.1,37973.9,3,113921.70000000001
2024-07-23 16:52:27.339138,Silver Bracelet,Nose Jewelry,Delhi,40,6.47,13181.64,4,52726.56
2025-02-15 16:52:27.339141,Gold Ring,Earrings,Delhi,27,10.36,27381.35,4,109525.4
2024-10-24 16:52:27.339145,Anklets,Pendants,Kolkata,19,6.7,49614.65,2,99229.3
2024-05-28 16:52:27.339149,Nose Pin,Rings,Kolkata,30,12.33,43019.0,2,86038.0
2024-05-04 16:52:27.339153,Gold Ring,Pendants,Bangalore,57,9.24,5770.98,1,5770.98
2024-08-03 16:52:27.339157,Anklets,Rings,Pune,19,4.12,35612.23,4,142448.92
2024-11-04 16:52:27.339161,Nose Pin,Pendants,Bangalore,37,3.22,17933.4,1,17933.4
2025-02-13 16:52:27.339164,Nose Pin,Bracelets,Pune,18,11.39,1342.13,4,5368.52
2025-03-29 16:52:27.339168,Gold Ring,Rings,Delhi,54,18.15,20770.57,1,20770.57
2024-12-08 16:52:27.339172,Diamond Pendant,Pendants,Mumbai,26,7.54,12502.97,2,25005.94
2025-03-02 16:52:27.339175,Diamond Pendant,Earrings,Bangalore,34,14.93,41124.59,3,123373.76999999999
2024-11-03 16:52:27.339179,Nose Pin,Bracelets,Bangalore,26,13.51,17529.2,2,35058.4
2025-02-16 16:52:27.339183,Diamond Pendant,Bracelets,Pune,28,18.7,41548.66,1,41548.66
2024-07-26 16:52:27.339187,Book Earrings,Earrings,Delhi,32,16.6,1029.3,1,1029.3
2025-01-25 16:52:27.339191,Nose Pin,Pendants,Delhi,41,11.77,16083.14,3,48249.42
2024-11-14 16:52:27.339194,Nose Pin,Anklets,Pune,55,13.48,12817.1,4,51268.4
2025-03-10 16:52:27.339198,Anklets,Earrings,Delhi,52,18.07,12444.8,1,12444.8
2024-10-06 16:52:27.339202,Diamond Pendant,Pendants,Kolkata,47,8.59,4341.14,1,4341.14
2024-09-14 16:52:27.339206,Nose Pin,Earrings,Mumbai,48,7.21,10169.09,1,10169.09
2024-09-02 16:52:27.339210,Book Earrings,Earrings,Bangalore,22,1.21,28221.93,3,84665.79000000001
2024-07-22 16:52:27.339213,Anklets,Rings,Mumbai,31,16.7,15276.69,2,30553.38
2024-08-23 16:52:27.339217,Gold Ring,Pendants,Bangalore,28,16.22,21452.34,1,21452.34
2025-02-20 16:52:27.339221,Nose Pin,Anklets,Kolkata,26,2.98,19466.48,3,58399.44
2024-11-11 16:52:27.339225,Book Earrings,Rings,Delhi,51,11.96,43919.34,1,43919.34
2024-08-29 16:52:27.339228,Silver Bracelet,Earrings,Pune,29,9.82,45359.65,4,181438.6
2025-01-18 16:52:27.339232,Book Earrings,Nose Jewelry,Kolkata,52,3.26,25154.89,3,75464.67
2025-03-07 16:52:27.339236,Book Earrings,Earrings,Mumbai,52,19.63,17177.64,1,17177.64
2024-10-11 16:52:27.339240,Anklets,Earrings,Pune,18,5.08,6233.23,3,18699.69
2025-02-17 16:52:27.339243,Gold Ring,Pendants,Delhi,57,2.28,47716.74,1,47716.74
2024-06-30 16:52:27.339247,Silver Bracelet,Pendants,Kolkata,39,12.3,3951.12,2,7902.24
2024-09-12 16:52:27.339251,Diamond Pendant,Rings,Pune,46,15.04,15584.86,1,15584.86
2024-07-15 16:52:27.339255,Diamond Pendant,Anklets,Kolkata,25,1.62,15605.24,3,46815.72
2024-11-08 16:52:27.339259,Book Earrings,Rings,Kolkata,28,13.52,16699.66,4,66798.64
2025-04-19 16:52:27.339262,Anklets,Bracelets,Delhi,58,11.11,9050.06,4,36200.24
2024-07-10 16:52:27.339266,Anklets,Earrings,Bangalore,54,2.96,39374.91,4,157499.64
2025-04-07 16:52:27.339270,Diamond Pendant,Nose Jewelry,Pune,31,4.28,7002.4,1,7002.4
2024-06-23 16:52:27.339273,Silver Bracelet,Earrings,Delhi,47,11.79,32110.43,2,64220.86
2025-04-03 16:52:27.339278,Gold Ring,Earrings,Kolkata,52,6.63,7068.46,1,7068.46
2024-11-06 16:52:27.339282,Silver Bracelet,Rings,Delhi,38,18.83,4456.25,4,17825.0
2024-10-14 16:52:27.339285,Nose Pin,Nose Jewelry,Bangalore,54,16.56,45562.05,3,136686.15000000002
2024-06-25 16:52:27.339289,Nose Pin,Nose Jewelry,Pune,22,19.69,10316.31,4,41265.24
2025-03-20 16:52:27.339293,Gold Ring,Nose Jewelry,Bangalore,36,5.93,41241.26,3,123723.78
2024-08-14 16:52:27.339296,Diamond Pendant,Rings,Mumbai,31,19.42,27686.91,2,55373.82
2024-09-29 16:52:27.339300,Gold Ring,Earrings,Pune,43,9.19,4814.97,3,14444.91
2025-01-23 16:52:27.339303,Anklets,Rings,Bangalore,21,7.6,47816.96,1,47816.96
2024-11-14 16:52:27.339308,Nose Pin,Pendants,Kolkata,42,1.96,13101.1,1,13101.1
2024-11-19 16:52:27.339311,Book Earrings,Pendants,Pune,59,2.0,43122.62,1,43122.62
2024-09-20 16:52:27.339315,Book Earrings,Rings,Pune,42,14.15,9271.69,3,27815.07
2025-01-01 16:52:27.339319,Diamond Pendant,Nose Jewelry,Delhi,35,9.7,42843.2,1,42843.2
2024-10-26 16:52:27.339323,Anklets,Earrings,Kolkata,57,5.3,1648.21,1,1648.21
2024-05-12 16:52:27.339326,Silver Bracelet,Rings,Mumbai,25,12.67,26077.24,1,26077.24
2025-03-20 16:52:27.339330,Anklets,Rings,Bangalore,56,5.8,38702.69,2,77405.38
2024-11-22 16:52:27.339334,Book Earrings,Rings,Delhi,57,11.98,46804.98,3,140414.94
2024-05-12 16:52:27.339338,Book Earrings,Bracelets,Bangalore,31,7.82,45550.9,3,136652.7
2024-11-11 16:52:27.339342,Nose Pin,Pendants,Mumbai,49,16.65,41161.62,4,164646.48
2024-12-16 16:52:27.339346,Anklets,Nose Jewelry,Mumbai,55,16.59,44521.38,3,133564.13999999998
2024-04-26 16:52:27.339350,Anklets,Anklets,Pune,50,10.07,10761.76,2,21523.52
2024-12-03 16:52:27.339353,Book Earrings,Nose Jewelry,Mumbai,40,7.67,14925.03,3,44775.090000000004
2024-11-08 16:52:27.339357,Silver Bracelet,Anklets,Bangalore,32,7.89,15159.46,2,30318.92
2024-11-27 16:52:27.339361,Diamond Pendant,Bracelets,Kolkata,50,16.31,19475.64,2,38951.28
2024-11-02 16:52:27.339365,Diamond Pendant,Rings,Kolkata,42,7.24,20272.71,3,60818.13
2024-06-18 16:52:27.339368,Anklets,Bracelets,Pune,34,4.97,27683.21,4,110732.84
2024-12-08 16:52:27.339372,Diamond Pendant,Bracelets,Bangalore,50,2.61,8834.11,1,8834.11
2024-12-24 16:52:27.339376,Book Earrings,Earrings,Bangalore,19,9.87,34871.09,1,34871.09
2024-08-01 16:52:27.339380,Book Earrings,Pendants,Mumbai,31,10.16,9210.76,3,27632.28
2024-09-21 16:52:27.339383,Anklets,Anklets,Bangalore,57,16.98,16205.12,3,48615.36
2024-05-14 16:52:27.339387,Anklets,Rings,Delhi,57,5.2,25663.91,2,51327.82
2024-09-18 16:52:27.339404,Nose Pin,Anklets,Mumbai,56,8.24,40025.59,3,120076.76999999999
2024-08-04 16:52:27.339408,Anklets,Nose Jewelry,Delhi,23,16.36,37233.99,2,74467.98
2025-04-03 16:52:27.339412,Silver Bracelet,Anklets,Pune,23,16.65,32631.18,4,130524.72
2025-01-07 16:52:27.339416,Diamond Pendant,Nose Jewelry,Kolkata,20,8.31,8632.89,3,25898.67
2024-09-10 16:52:27.339419,Anklets,Pendants,Pune,24,9.72,27805.22,1,27805.22
2024-11-17 16:52:27.339423,Gold Ring,Nose Jewelry,Kolkata,25,6.76,5284.88,1,5284.88
2024-12-25 16:52:27.339427,Nose Pin,Anklets,Pune,59,18.72,19490.8,3,58472.399999999994
2024-12-06 16:52:27.339431,Gold Ring,Anklets,Bangalore,32,3.25,21262.31,2,42524.62
2024-05-13 16:52:27.339434,Book Earrings,Nose Jewelry,Delhi,46,18.74,2950.76,1,2950.76
2024-09-05 16:52:27.339439,Diamond Pendant,Bracelets,Kolkata,50,13.99,14425.42,2,28850.84
2025-02-03 16:52:27.339443,Anklets,Pendants,Mumbai,47,11.1,47826.82,3,143480.46
2025-01-10 16:52:27.339447,Gold Ring,Earrings,Delhi,56,1.62,47728.0,3,143184.0
2024-11-29 16:52:27.339451,Diamond Pendant,Rings,Mumbai,44,10.04,18264.03,1,18264.03
2024-12-03 16:52:27.339454,Book Earrings,Anklets,Delhi,53,8.75,3111.91,3,9335.73
2024-05-21 16:52:27.339458,Silver Bracelet,Rings,Delhi,46,4.06,9775.65,4,39102.6
2024-09-02 16:52:27.339463,Nose Pin,Earrings,Pune,55,13.47,20218.67,4,80874.68
2024-06-19 16:52:27.339466,Diamond Pendant,Rings,Kolkata,50,19.45,47441.21,1,47441.21
2024-07-20 16:52:27.339470,Diamond Pendant,Earrings,Kolkata,54,11.68,7918.75,4,31675.0
2025-02-13 16:52:27.339474,Silver Bracelet,Nose Jewelry,Delhi,44,14.58,38412.28,2,76824.56
2024-11-28 16:52:27.339478,Diamond Pendant,Bracelets,Bangalore,50,2.3,6325.44,1,6325.44
2025-03-05 16:52:27.339481,Book Earrings,Anklets,Bangalore,21,8.94,49081.62,1,49081.62
2024-06-14 16:52:27.339485,Book Earrings,Earrings,Mumbai,39,3.21,19699.21,2,39398.42
2025-02-14 16:52:27.339489,Silver Bracelet,Rings,Mumbai,19,12.64,38986.49,4,155945.96
2024-11-02 16:52:27.339493,Nose Pin,Anklets,Pune,27,18.83,17786.96,4,71147.84
2025-02-11 16:52:27.339497,Anklets,Bracelets,Delhi,22,13.57,31755.77,4,127023.08
2025-01-24 16:52:27.339500,Gold Ring,Nose Jewelry,Mumbai,27,2.46,10408.79,1,10408.79
2025-01-04 16:52:27.339504,Anklets,Anklets,Mumbai,50,7.74,8155.03,1,8155.03
2025-02-17 16:52:27.339508,Diamond Pendant,Earrings,Delhi,55,11.46,46965.14,4,187860.56
2024-12-04 16:52:27.339512,Gold Ring,Bracelets,Pune,30,8.66,45964.72,3,137894.16
2024-08-21 16:52:27.339516,Silver Bracelet,Rings,Mumbai,48,16.84,44485.98,4,177943.92
2024-09-14 16:52:27.339520,Silver Bracelet,Bracelets,Pune,53,16.48,31646.24,2,63292.48
2024-12-16 16:52:27.339524,Nose Pin,Bracelets,Kolkata,41,12.62,40605.14,1,40605.14
2024-12-27 16:52:27.339527,Gold Ring,Pendants,Pune,32,8.1,4382.81,2,8765.62
2024-09-26 16:52:27.339531,Book Earrings,Bracelets,Bangalore,46,5.85,17404.66,2,34809.32
2025-02-28 16:52:27.339534,Gold Ring,Bracelets,Bangalore,25,3.01,16371.45,1,16371.45
2024-07-22 16:52:27.339538,Diamond Pendant,Anklets,Pune,22,7.74,32146.62,3,96439.86
